SNP,effect_allele.exposure,other_allele.exposure,effect_allele.outcome,other_allele.outcome,beta.exposure,beta.outcome,eaf.exposure,eaf.outcome,remove,palindromic,ambiguous,id.outcome,chr,pos,se.outcome,samplesize.outcome,pval.outcome,outcome,originalname.outcome,outcome.deprecated,mr_keep.outcome,data_source.outcome,chr.exposure,samplesize.exposure,pos.exposure,pval.exposure,se.exposure,id.exposure,exposure,mr_keep.exposure,pval_origin.exposure,data_source.exposure,action,mr_keep
rs8051149,A,G,A,G,0.0258,0.0562,0.2127,0.2278,FALSE,FALSE,FALSE,finn-b-I9_ATHSCLE,16,87878822,0.0228,NA,0.01373,"Atherosclerosis, excluding cerebral, coronary and PAD || id:finn-b-I9_ATHSCLE","Atherosclerosis, excluding cerebral, coronary and PAD","Atherosclerosis, excluding cerebral, coronary and PAD ||  || ",TRUE,igd,16,7368,87878822,2.54E-24,0.0025,met-a-375, || id:met-a-375,TRUE,reported,igd,2,TRUE
rs3184504,C,T,C,T,-0.0149,-0.0746,0.5149,0.5913,FALSE,FALSE,FALSE,finn-b-I9_ATHSCLE,12,111884608,0.0195,NA,0.0001262,"Atherosclerosis, excluding cerebral, coronary and PAD || id:finn-b-I9_ATHSCLE","Atherosclerosis, excluding cerebral, coronary and PAD","Atherosclerosis, excluding cerebral, coronary and PAD ||  || ",TRUE,igd,12,7368,111884608,8.47E-17,0.0017,met-a-375, || id:met-a-375,TRUE,reported,igd,2,TRUE
rs10085935,T,C,T,C,-0.0103,-0.0268,0.3782,0.3614,FALSE,FALSE,FALSE,finn-b-I9_ATHSCLE,8,39806267,0.0199,NA,0.1774,"Atherosclerosis, excluding cerebral, coronary and PAD || id:finn-b-I9_ATHSCLE","Atherosclerosis, excluding cerebral, coronary and PAD","Atherosclerosis, excluding cerebral, coronary and PAD ||  || ",TRUE,igd,8,7368,39806267,3.10E-08,0.0017,met-a-375, || id:met-a-375,TRUE,reported,igd,2,TRUE
rs16924894,A,T,A,T,0.0814,0.0717,0.024,0.02717,FALSE,TRUE,FALSE,finn-b-I9_ATHSCLE,10,24845525,0.0582,NA,0.2179,"Atherosclerosis, excluding cerebral, coronary and PAD || id:finn-b-I9_ATHSCLE","Atherosclerosis, excluding cerebral, coronary and PAD","Atherosclerosis, excluding cerebral, coronary and PAD ||  || ",TRUE,igd,10,1764,24845525,1.63E-07,0.0146,met-a-375, || id:met-a-375,TRUE,reported,igd,2,TRUE
rs7906282,T,G,T,G,0.0094,0.0013,0.3095,0.234,FALSE,FALSE,FALSE,finn-b-I9_ATHSCLE,10,19083596,0.0226,NA,0.9543,"Atherosclerosis, excluding cerebral, coronary and PAD || id:finn-b-I9_ATHSCLE","Atherosclerosis, excluding cerebral, coronary and PAD","Atherosclerosis, excluding cerebral, coronary and PAD ||  || ",TRUE,igd,10,7368,19083596,4.54E-07,0.0018,met-a-375, || id:met-a-375,TRUE,reported,igd,2,TRUE
rs21327,G,A,G,A,-0.0095,-0.0286,0.714,0.6723,FALSE,FALSE,FALSE,finn-b-I9_ATHSCLE,1,146528521,0.0204,NA,0.1606,"Atherosclerosis, excluding cerebral, coronary and PAD || id:finn-b-I9_ATHSCLE","Atherosclerosis, excluding cerebral, coronary and PAD","Atherosclerosis, excluding cerebral, coronary and PAD ||  || ",TRUE,igd,1,7368,146528521,5.81E-07,0.0018,met-a-375, || id:met-a-375,TRUE,reported,igd,2,TRUE
rs1496635,C,A,C,A,0.0091,-0.0305,0.6593,0.6488,FALSE,FALSE,FALSE,finn-b-I9_ATHSCLE,19,31692461,0.0201,NA,0.1282,"Atherosclerosis, excluding cerebral, coronary and PAD || id:finn-b-I9_ATHSCLE","Atherosclerosis, excluding cerebral, coronary and PAD","Atherosclerosis, excluding cerebral, coronary and PAD ||  || ",TRUE,igd,19,7368,31692461,8.49E-07,0.0018,met-a-375, || id:met-a-375,TRUE,reported,igd,2,TRUE
rs2491294,G,A,G,A,0.01,-0.0219,0.69,0.6532,FALSE,FALSE,FALSE,finn-b-I9_ATHSCLE,1,88302604,0.0201,NA,0.2754,"Atherosclerosis, excluding cerebral, coronary and PAD || id:finn-b-I9_ATHSCLE","Atherosclerosis, excluding cerebral, coronary and PAD","Atherosclerosis, excluding cerebral, coronary and PAD ||  || ",TRUE,igd,1,5604,88302604,1.99E-06,0.002,met-a-375, || id:met-a-375,TRUE,reported,igd,2,TRUE
rs11646849,A,G,A,G,-0.0086,-0.0353,0.5005,0.5286,FALSE,FALSE,FALSE,finn-b-I9_ATHSCLE,16,82817251,0.0191,NA,0.06501,"Atherosclerosis, excluding cerebral, coronary and PAD || id:finn-b-I9_ATHSCLE","Atherosclerosis, excluding cerebral, coronary and PAD","Atherosclerosis, excluding cerebral, coronary and PAD ||  || ",TRUE,igd,16,7368,82817251,1.99E-06,0.0017,met-a-375, || id:met-a-375,TRUE,reported,igd,2,TRUE
rs4820242,A,G,A,G,-0.0085,0.0166,0.6201,0.5446,FALSE,FALSE,FALSE,finn-b-I9_ATHSCLE,22,36982675,0.0193,NA,0.3893,"Atherosclerosis, excluding cerebral, coronary and PAD || id:finn-b-I9_ATHSCLE","Atherosclerosis, excluding cerebral, coronary and PAD","Atherosclerosis, excluding cerebral, coronary and PAD ||  || ",TRUE,igd,22,7368,36982675,2.21E-06,0.0017,met-a-375, || id:met-a-375,TRUE,reported,igd,2,TRUE
rs12082398,C,T,C,T,-0.0117,0.0031,0.4145,0.4615,FALSE,FALSE,FALSE,finn-b-I9_ATHSCLE,1,25234781,0.0193,NA,0.873,"Atherosclerosis, excluding cerebral, coronary and PAD || id:finn-b-I9_ATHSCLE","Atherosclerosis, excluding cerebral, coronary and PAD","Atherosclerosis, excluding cerebral, coronary and PAD ||  || ",TRUE,igd,1,7368,25234781,2.21E-06,0.0024,met-a-375, || id:met-a-375,TRUE,reported,igd,2,TRUE
rs10857319,T,C,T,C,-0.0086,0.0192,0.3481,0.4733,FALSE,FALSE,FALSE,finn-b-I9_ATHSCLE,4,159729794,0.0192,NA,0.318,"Atherosclerosis, excluding cerebral, coronary and PAD || id:finn-b-I9_ATHSCLE","Atherosclerosis, excluding cerebral, coronary and PAD","Atherosclerosis, excluding cerebral, coronary and PAD ||  || ",TRUE,igd,4,7368,159729794,2.21E-06,0.0017,met-a-375, || id:met-a-375,TRUE,reported,igd,2,TRUE
rs6815057,A,G,A,G,0.0085,0.0178,0.5786,0.5587,FALSE,FALSE,FALSE,finn-b-I9_ATHSCLE,4,97782257,0.0193,NA,0.357,"Atherosclerosis, excluding cerebral, coronary and PAD || id:finn-b-I9_ATHSCLE","Atherosclerosis, excluding cerebral, coronary and PAD","Atherosclerosis, excluding cerebral, coronary and PAD ||  || ",TRUE,igd,4,7368,97782257,2.30E-06,0.0017,met-a-375, || id:met-a-375,TRUE,reported,igd,2,TRUE
rs16974854,T,C,T,C,-0.0234,0.0294,0.038,0.05253,FALSE,FALSE,FALSE,finn-b-I9_ATHSCLE,17,68029032,0.0432,NA,0.4962,"Atherosclerosis, excluding cerebral, coronary and PAD || id:finn-b-I9_ATHSCLE","Atherosclerosis, excluding cerebral, coronary and PAD","Atherosclerosis, excluding cerebral, coronary and PAD ||  || ",TRUE,igd,17,7368,68029032,2.30E-06,0.0048,met-a-375, || id:met-a-375,TRUE,reported,igd,2,TRUE
rs3789978,G,A,G,A,-0.0123,0.0041,0.1531,0.1777,FALSE,FALSE,FALSE,finn-b-I9_ATHSCLE,12,32947193,0.0249,NA,0.868,"Atherosclerosis, excluding cerebral, coronary and PAD || id:finn-b-I9_ATHSCLE","Atherosclerosis, excluding cerebral, coronary and PAD","Atherosclerosis, excluding cerebral, coronary and PAD ||  || ",TRUE,igd,12,7368,32947193,2.46E-06,0.0025,met-a-375, || id:met-a-375,TRUE,reported,igd,2,TRUE
rs2375475,T,C,T,C,-0.0084,-0.006,0.3236,0.4185,FALSE,FALSE,FALSE,finn-b-I9_ATHSCLE,1,65211843,0.0195,NA,0.756599,"Atherosclerosis, excluding cerebral, coronary and PAD || id:finn-b-I9_ATHSCLE","Atherosclerosis, excluding cerebral, coronary and PAD","Atherosclerosis, excluding cerebral, coronary and PAD ||  || ",TRUE,igd,1,7368,65211843,2.47E-06,0.0017,met-a-375, || id:met-a-375,TRUE,reported,igd,2,TRUE
rs12937634,C,T,C,T,0.0082,0.0461,0.4603,0.4851,FALSE,FALSE,FALSE,finn-b-I9_ATHSCLE,17,47444442,0.0192,NA,0.0163399,"Atherosclerosis, excluding cerebral, coronary and PAD || id:finn-b-I9_ATHSCLE","Atherosclerosis, excluding cerebral, coronary and PAD","Atherosclerosis, excluding cerebral, coronary and PAD ||  || ",TRUE,igd,17,7368,47444442,3.75E-06,0.0017,met-a-375, || id:met-a-375,TRUE,reported,igd,2,TRUE
rs9857268,A,G,A,G,0.008,0.006,0.411,0.419,FALSE,FALSE,FALSE,finn-b-I9_ATHSCLE,3,83398721,0.0194,NA,0.7561,"Atherosclerosis, excluding cerebral, coronary and PAD || id:finn-b-I9_ATHSCLE","Atherosclerosis, excluding cerebral, coronary and PAD","Atherosclerosis, excluding cerebral, coronary and PAD ||  || ",TRUE,igd,3,7368,83398721,4.66E-06,0.0017,met-a-375, || id:met-a-375,TRUE,reported,igd,2,TRUE
rs2320536,T,C,T,C,0.0081,-0.0228,0.4131,0.4807,FALSE,FALSE,FALSE,finn-b-I9_ATHSCLE,4,140801676,0.0193,NA,0.2363,"Atherosclerosis, excluding cerebral, coronary and PAD || id:finn-b-I9_ATHSCLE","Atherosclerosis, excluding cerebral, coronary and PAD","Atherosclerosis, excluding cerebral, coronary and PAD ||  || ",TRUE,igd,4,7368,140801676,4.66E-06,0.0017,met-a-375, || id:met-a-375,TRUE,reported,igd,2,TRUE
rs6770323,T,C,T,C,-0.008,-0.0082,0.4299,0.4904,FALSE,FALSE,FALSE,finn-b-I9_ATHSCLE,3,161850410,0.0192,NA,0.6699,"Atherosclerosis, excluding cerebral, coronary and PAD || id:finn-b-I9_ATHSCLE","Atherosclerosis, excluding cerebral, coronary and PAD","Atherosclerosis, excluding cerebral, coronary and PAD ||  || ",TRUE,igd,3,7368,161850410,4.66E-06,0.0017,met-a-375, || id:met-a-375,TRUE,reported,igd,2,TRUE
rs7548008,G,A,G,A,-0.016,-0.0302,0.496,0.4971,FALSE,FALSE,FALSE,finn-b-I9_ATHSCLE,1,43202095,0.0192,NA,0.1156,"Atherosclerosis, excluding cerebral, coronary and PAD || id:finn-b-I9_ATHSCLE","Atherosclerosis, excluding cerebral, coronary and PAD","Atherosclerosis, excluding cerebral, coronary and PAD ||  || ",TRUE,igd,1,1764,43202095,4.67E-06,0.0035,met-a-375, || id:met-a-375,TRUE,reported,igd,2,TRUE
rs511797,A,C,A,C,0.012,0.0465,0.1261,0.1406,FALSE,FALSE,FALSE,finn-b-I9_ATHSCLE,11,95895139,0.0277,NA,0.0931794,"Atherosclerosis, excluding cerebral, coronary and PAD || id:finn-b-I9_ATHSCLE","Atherosclerosis, excluding cerebral, coronary and PAD","Atherosclerosis, excluding cerebral, coronary and PAD ||  || ",TRUE,igd,11,7368,95895139,4.67E-06,0.0026,met-a-375, || id:met-a-375,TRUE,reported,igd,2,TRUE
rs1426134,G,C,G,C,0.0081,0.0136,0.6285,0.6515,FALSE,TRUE,FALSE,finn-b-I9_ATHSCLE,4,14179729,0.0201,NA,0.499401,"Atherosclerosis, excluding cerebral, coronary and PAD || id:finn-b-I9_ATHSCLE","Atherosclerosis, excluding cerebral, coronary and PAD","Atherosclerosis, excluding cerebral, coronary and PAD ||  || ",TRUE,igd,4,7368,14179729,4.67E-06,0.0017,met-a-375, || id:met-a-375,TRUE,reported,igd,2,TRUE
rs3809198,A,C,A,C,0.0554,0.0673,0.0199,0.009275,FALSE,FALSE,FALSE,finn-b-I9_ATHSCLE,12,96883306,0.1018,NA,0.508401,"Atherosclerosis, excluding cerebral, coronary and PAD || id:finn-b-I9_ATHSCLE","Atherosclerosis, excluding cerebral, coronary and PAD","Atherosclerosis, excluding cerebral, coronary and PAD ||  || ",TRUE,igd,12,1764,96883306,4.82E-06,0.012,met-a-375, || id:met-a-375,TRUE,reported,igd,2,TRUE
rs2651516,C,T,C,T,-0.008,-0.001,0.3415,0.3155,FALSE,FALSE,FALSE,finn-b-I9_ATHSCLE,15,53302309,0.0207,NA,0.9614,"Atherosclerosis, excluding cerebral, coronary and PAD || id:finn-b-I9_ATHSCLE","Atherosclerosis, excluding cerebral, coronary and PAD","Atherosclerosis, excluding cerebral, coronary and PAD ||  || ",TRUE,igd,15,7368,53302309,4.82E-06,0.0017,met-a-375, || id:met-a-375,TRUE,reported,igd,2,TRUE
rs11593042,A,T,A,T,0.0151,0.043,0.0919,0.05137,FALSE,TRUE,FALSE,finn-b-I9_ATHSCLE,10,6933467,0.0439,NA,0.3275,"Atherosclerosis, excluding cerebral, coronary and PAD || id:finn-b-I9_ATHSCLE","Atherosclerosis, excluding cerebral, coronary and PAD","Atherosclerosis, excluding cerebral, coronary and PAD ||  || ",TRUE,igd,10,7368,6933467,4.89E-06,0.0033,met-a-375, || id:met-a-375,TRUE,reported,igd,2,TRUE
rs6575634,C,T,C,T,0.0158,0.0076,0.3816,0.3518,FALSE,FALSE,FALSE,finn-b-I9_ATHSCLE,14,98248954,0.0201,NA,0.705,"Atherosclerosis, excluding cerebral, coronary and PAD || id:finn-b-I9_ATHSCLE","Atherosclerosis, excluding cerebral, coronary and PAD","Atherosclerosis, excluding cerebral, coronary and PAD ||  || ",TRUE,igd,14,1764,98248954,4.92E-06,0.0035,met-a-375, || id:met-a-375,TRUE,reported,igd,2,TRUE
rs7619096,C,A,C,A,-0.008,-0.0141,0.3114,0.2758,FALSE,FALSE,FALSE,finn-b-I9_ATHSCLE,3,84199075,0.0215,NA,0.510199,"Atherosclerosis, excluding cerebral, coronary and PAD || id:finn-b-I9_ATHSCLE","Atherosclerosis, excluding cerebral, coronary and PAD","Atherosclerosis, excluding cerebral, coronary and PAD ||  || ",TRUE,igd,3,7368,84199075,4.92E-06,0.0017,met-a-375, || id:met-a-375,TRUE,reported,igd,2,TRUE
rs4670465,T,G,T,G,-0.0144,-0.0015,0.5498,0.5454,FALSE,FALSE,FALSE,finn-b-I9_ATHSCLE,2,35621644,0.0192,NA,0.9369,"Atherosclerosis, excluding cerebral, coronary and PAD || id:finn-b-I9_ATHSCLE","Atherosclerosis, excluding cerebral, coronary and PAD","Atherosclerosis, excluding cerebral, coronary and PAD ||  || ",TRUE,igd,2,7366,35621644,3.15E-07,0.0027,met-a-420, || id:met-a-420,TRUE,reported,igd,2,TRUE
rs1260326,C,T,C,T,-0.0143,-0.0415,0.5954,0.6493,FALSE,FALSE,FALSE,finn-b-I9_ATHSCLE,2,27730940,0.0201,NA,0.0392302,"Atherosclerosis, excluding cerebral, coronary and PAD || id:finn-b-I9_ATHSCLE","Atherosclerosis, excluding cerebral, coronary and PAD","Atherosclerosis, excluding cerebral, coronary and PAD ||  || ",TRUE,igd,2,7366,27730940,3.15E-07,0.0027,met-a-420, || id:met-a-420,TRUE,reported,igd,2,TRUE
rs872745,C,A,C,A,0.0135,-0.0117,0.5886,0.5275,FALSE,FALSE,FALSE,finn-b-I9_ATHSCLE,16,82578355,0.0192,NA,0.5426,"Atherosclerosis, excluding cerebral, coronary and PAD || id:finn-b-I9_ATHSCLE","Atherosclerosis, excluding cerebral, coronary and PAD","Atherosclerosis, excluding cerebral, coronary and PAD ||  || ",TRUE,igd,16,7366,82578355,1.31E-06,0.0027,met-a-420, || id:met-a-420,TRUE,reported,igd,2,TRUE
rs2067997,C,T,C,T,0.0213,0.0311,0.1306,0.08043,FALSE,FALSE,FALSE,finn-b-I9_ATHSCLE,6,35471246,0.0355,NA,0.3817,"Atherosclerosis, excluding cerebral, coronary and PAD || id:finn-b-I9_ATHSCLE","Atherosclerosis, excluding cerebral, coronary and PAD","Atherosclerosis, excluding cerebral, coronary and PAD ||  || ",TRUE,igd,6,7366,35471246,1.78E-06,0.0043,met-a-420, || id:met-a-420,TRUE,reported,igd,2,TRUE
rs12470565,C,T,C,T,-0.0165,0.0018,0.4319,0.4155,FALSE,FALSE,FALSE,finn-b-I9_ATHSCLE,2,240640112,0.0196,NA,0.9275,"Atherosclerosis, excluding cerebral, coronary and PAD || id:finn-b-I9_ATHSCLE","Atherosclerosis, excluding cerebral, coronary and PAD","Atherosclerosis, excluding cerebral, coronary and PAD ||  || ",TRUE,igd,2,7366,240640112,1.78E-06,0.0034,met-a-420, || id:met-a-420,TRUE,reported,igd,2,TRUE
rs11788042,G,A,G,A,-0.0163,0.0115,0.7575,0.7596,FALSE,FALSE,FALSE,finn-b-I9_ATHSCLE,9,81650381,0.0225,NA,0.6096,"Atherosclerosis, excluding cerebral, coronary and PAD || id:finn-b-I9_ATHSCLE","Atherosclerosis, excluding cerebral, coronary and PAD","Atherosclerosis, excluding cerebral, coronary and PAD ||  || ",TRUE,igd,9,7366,81650381,2.58E-06,0.0034,met-a-420, || id:met-a-420,TRUE,reported,igd,2,TRUE
rs17122565,T,C,T,C,-0.0162,-0.0176,0.2523,0.3618,FALSE,FALSE,FALSE,finn-b-I9_ATHSCLE,12,48412410,0.0199,NA,0.3778,"Atherosclerosis, excluding cerebral, coronary and PAD || id:finn-b-I9_ATHSCLE","Atherosclerosis, excluding cerebral, coronary and PAD","Atherosclerosis, excluding cerebral, coronary and PAD ||  || ",TRUE,igd,12,7366,48412410,3.15E-06,0.0035,met-a-420, || id:met-a-420,TRUE,reported,igd,2,TRUE
rs4388837,G,T,G,T,-0.1102,-0.1577,0.0172,0.01489,FALSE,FALSE,FALSE,finn-b-I9_ATHSCLE,11,26722592,0.0781,NA,0.04346,"Atherosclerosis, excluding cerebral, coronary and PAD || id:finn-b-I9_ATHSCLE","Atherosclerosis, excluding cerebral, coronary and PAD","Atherosclerosis, excluding cerebral, coronary and PAD ||  || ",TRUE,igd,11,1765,26722592,4.15E-06,0.0239,met-a-420, || id:met-a-420,TRUE,reported,igd,2,TRUE
rs493519,C,T,C,T,0.0358,-0.0183,0.8748,0.8223,FALSE,FALSE,FALSE,finn-b-I9_ATHSCLE,12,122397476,0.0251,NA,0.4667,"Atherosclerosis, excluding cerebral, coronary and PAD || id:finn-b-I9_ATHSCLE","Atherosclerosis, excluding cerebral, coronary and PAD","Atherosclerosis, excluding cerebral, coronary and PAD ||  || ",TRUE,igd,12,6180,122397476,1.58E-17,0.0041,met-a-427, || id:met-a-427,TRUE,reported,igd,2,TRUE
rs11160112,C,T,C,T,0.0146,-0.0155,0.2872,0.2876,FALSE,FALSE,FALSE,finn-b-I9_ATHSCLE,14,93775073,0.0211,NA,0.4634,"Atherosclerosis, excluding cerebral, coronary and PAD || id:finn-b-I9_ATHSCLE","Atherosclerosis, excluding cerebral, coronary and PAD","Atherosclerosis, excluding cerebral, coronary and PAD ||  || ",TRUE,igd,14,6180,93775073,1.40E-07,0.0026,met-a-427, || id:met-a-427,TRUE,reported,igd,2,TRUE
rs11635023,A,G,A,G,-0.0152,0.0274,0.508,0.5157,FALSE,FALSE,FALSE,finn-b-I9_ATHSCLE,15,25158051,0.0192,NA,0.1552,"Atherosclerosis, excluding cerebral, coronary and PAD || id:finn-b-I9_ATHSCLE","Atherosclerosis, excluding cerebral, coronary and PAD","Atherosclerosis, excluding cerebral, coronary and PAD ||  || ",TRUE,igd,15,6180,25158051,1.70E-07,0.0028,met-a-427, || id:met-a-427,TRUE,reported,igd,2,TRUE
rs7934036,T,G,T,G,0.0125,-0.0173,0.3475,0.4492,FALSE,FALSE,FALSE,finn-b-I9_ATHSCLE,11,65451020,0.0193,NA,0.3702,"Atherosclerosis, excluding cerebral, coronary and PAD || id:finn-b-I9_ATHSCLE","Atherosclerosis, excluding cerebral, coronary and PAD","Atherosclerosis, excluding cerebral, coronary and PAD ||  || ",TRUE,igd,11,6180,65451020,2.30E-06,0.0025,met-a-427, || id:met-a-427,TRUE,reported,igd,2,TRUE
rs4631845,A,G,A,G,0.0213,-0.0383,0.0851,0.1114,FALSE,FALSE,FALSE,finn-b-I9_ATHSCLE,11,99225548,0.0307,NA,0.2117,"Atherosclerosis, excluding cerebral, coronary and PAD || id:finn-b-I9_ATHSCLE","Atherosclerosis, excluding cerebral, coronary and PAD","Atherosclerosis, excluding cerebral, coronary and PAD ||  || ",TRUE,igd,11,6180,99225548,2.30E-06,0.0043,met-a-427, || id:met-a-427,TRUE,reported,igd,2,TRUE
rs1457613,A,C,A,C,0.0167,-0.0377,0.8556,0.8968,FALSE,FALSE,FALSE,finn-b-I9_ATHSCLE,12,13641635,0.0315,NA,0.2309,"Atherosclerosis, excluding cerebral, coronary and PAD || id:finn-b-I9_ATHSCLE","Atherosclerosis, excluding cerebral, coronary and PAD","Atherosclerosis, excluding cerebral, coronary and PAD ||  || ",TRUE,igd,12,6180,13641635,2.30E-06,0.0034,met-a-427, || id:met-a-427,TRUE,reported,igd,2,TRUE
rs6470588,C,A,C,A,0.0125,-0.0425,0.4513,0.438,FALSE,FALSE,FALSE,finn-b-I9_ATHSCLE,8,128889371,0.0193,NA,0.0276001,"Atherosclerosis, excluding cerebral, coronary and PAD || id:finn-b-I9_ATHSCLE","Atherosclerosis, excluding cerebral, coronary and PAD","Atherosclerosis, excluding cerebral, coronary and PAD ||  || ",TRUE,igd,8,6180,128889371,2.30E-06,0.0026,met-a-427, || id:met-a-427,TRUE,reported,igd,2,TRUE
rs10221174,T,C,T,C,0.0163,0.0186,0.1464,0.1931,FALSE,FALSE,FALSE,finn-b-I9_ATHSCLE,16,80924740,0.0243,NA,0.4443,"Atherosclerosis, excluding cerebral, coronary and PAD || id:finn-b-I9_ATHSCLE","Atherosclerosis, excluding cerebral, coronary and PAD","Atherosclerosis, excluding cerebral, coronary and PAD ||  || ",TRUE,igd,16,6180,80924740,3.48E-06,0.0035,met-a-427, || id:met-a-427,TRUE,reported,igd,2,TRUE
rs1277442,C,A,C,A,-0.0119,0.023,0.6894,0.6906,FALSE,FALSE,FALSE,finn-b-I9_ATHSCLE,12,118605571,0.0208,NA,0.2671,"Atherosclerosis, excluding cerebral, coronary and PAD || id:finn-b-I9_ATHSCLE","Atherosclerosis, excluding cerebral, coronary and PAD","Atherosclerosis, excluding cerebral, coronary and PAD ||  || ",TRUE,igd,12,6180,118605571,3.87E-06,0.0026,met-a-427, || id:met-a-427,TRUE,reported,igd,2,TRUE
rs10795164,C,T,C,T,0.0233,-0.0835,0.0739,0.03591,FALSE,FALSE,FALSE,finn-b-I9_ATHSCLE,10,4458818,0.0515,NA,0.1053,"Atherosclerosis, excluding cerebral, coronary and PAD || id:finn-b-I9_ATHSCLE","Atherosclerosis, excluding cerebral, coronary and PAD","Atherosclerosis, excluding cerebral, coronary and PAD ||  || ",TRUE,igd,10,6180,4458818,3.87E-06,0.005,met-a-427, || id:met-a-427,TRUE,reported,igd,2,TRUE
rs1159893,T,A,T,A,-0.016,-0.0039,0.8653,0.9012,FALSE,TRUE,FALSE,finn-b-I9_ATHSCLE,15,55111076,0.0323,NA,0.9041,"Atherosclerosis, excluding cerebral, coronary and PAD || id:finn-b-I9_ATHSCLE","Atherosclerosis, excluding cerebral, coronary and PAD","Atherosclerosis, excluding cerebral, coronary and PAD ||  || ",TRUE,igd,15,6180,55111076,3.87E-06,0.0035,met-a-427, || id:met-a-427,TRUE,reported,igd,2,TRUE
rs674635,T,C,T,C,0.0275,-0.0191,0.0415,0.02861,FALSE,FALSE,FALSE,finn-b-I9_ATHSCLE,5,39848889,0.0585,NA,0.744501,"Atherosclerosis, excluding cerebral, coronary and PAD || id:finn-b-I9_ATHSCLE","Atherosclerosis, excluding cerebral, coronary and PAD","Atherosclerosis, excluding cerebral, coronary and PAD ||  || ",TRUE,igd,5,6180,39848889,3.96E-06,0.006,met-a-427, || id:met-a-427,TRUE,reported,igd,2,TRUE
rs715,C,T,C,T,0.0451,-0.0464,0.2887,0.3129,FALSE,FALSE,FALSE,finn-b-I9_ATHSCLE,2,211543055,0.0207,NA,0.0253,"Atherosclerosis, excluding cerebral, coronary and PAD || id:finn-b-I9_ATHSCLE","Atherosclerosis, excluding cerebral, coronary and PAD","Atherosclerosis, excluding cerebral, coronary and PAD ||  || ",TRUE,igd,2,7373,211543055,4.81E-24,0.0044,met-a-451, || id:met-a-451,TRUE,reported,igd,2,TRUE
rs1145077,T,G,T,G,0.0187,-0.0341,0.3769,0.4107,FALSE,FALSE,FALSE,finn-b-I9_ATHSCLE,15,45683795,0.0195,NA,0.0802398,"Atherosclerosis, excluding cerebral, coronary and PAD || id:finn-b-I9_ATHSCLE","Atherosclerosis, excluding cerebral, coronary and PAD","Atherosclerosis, excluding cerebral, coronary and PAD ||  || ",TRUE,igd,15,7373,45683795,9.96E-07,0.0037,met-a-451, || id:met-a-451,TRUE,reported,igd,2,TRUE
rs10900120,G,A,G,A,0.0383,-0.021,0.2639,0.2271,FALSE,FALSE,FALSE,finn-b-I9_ATHSCLE,10,45365561,0.023,NA,0.3626,"Atherosclerosis, excluding cerebral, coronary and PAD || id:finn-b-I9_ATHSCLE","Atherosclerosis, excluding cerebral, coronary and PAD","Atherosclerosis, excluding cerebral, coronary and PAD ||  || ",TRUE,igd,10,1768,45365561,2.89E-06,0.008,met-a-451, || id:met-a-451,TRUE,reported,igd,2,TRUE
rs1230164,C,G,C,G,0.0176,0.0046,0.721,0.7537,FALSE,TRUE,FALSE,finn-b-I9_ATHSCLE,4,99986023,0.0223,NA,0.836,"Atherosclerosis, excluding cerebral, coronary and PAD || id:finn-b-I9_ATHSCLE","Atherosclerosis, excluding cerebral, coronary and PAD","Atherosclerosis, excluding cerebral, coronary and PAD ||  || ",TRUE,igd,4,7373,99986023,3.85E-06,0.0038,met-a-451, || id:met-a-451,TRUE,reported,igd,2,TRUE
rs7319920,A,G,A,G,-0.0219,-0.0102,0.1522,0.1628,FALSE,FALSE,FALSE,finn-b-I9_ATHSCLE,13,35867044,0.026,NA,0.6937,"Atherosclerosis, excluding cerebral, coronary and PAD || id:finn-b-I9_ATHSCLE","Atherosclerosis, excluding cerebral, coronary and PAD","Atherosclerosis, excluding cerebral, coronary and PAD ||  || ",TRUE,igd,13,7373,35867044,4.39E-06,0.0048,met-a-451, || id:met-a-451,TRUE,reported,igd,2,TRUE
rs715,C,T,C,T,0.076,-0.0464,0.292,0.3129,FALSE,FALSE,FALSE,finn-b-I9_ATHSCLE,2,211543055,0.0207,NA,0.0253,"Atherosclerosis, excluding cerebral, coronary and PAD || id:finn-b-I9_ATHSCLE","Atherosclerosis, excluding cerebral, coronary and PAD","Atherosclerosis, excluding cerebral, coronary and PAD ||  || ",TRUE,igd,2,7356,211543055,2.05E-146,0.0029,met-a-468, || id:met-a-468,TRUE,reported,igd,2,TRUE
rs2370998,A,G,A,G,-0.0136,0.0336,0.5725,0.6096,FALSE,FALSE,FALSE,finn-b-I9_ATHSCLE,2,211430333,0.0197,NA,0.0880096,"Atherosclerosis, excluding cerebral, coronary and PAD || id:finn-b-I9_ATHSCLE","Atherosclerosis, excluding cerebral, coronary and PAD","Atherosclerosis, excluding cerebral, coronary and PAD ||  || ",TRUE,igd,2,7356,211430333,1.01E-07,0.0024,met-a-468, || id:met-a-468,TRUE,reported,igd,2,TRUE
rs11578,T,C,T,C,0.0142,-0.003,0.2919,0.2994,FALSE,FALSE,FALSE,finn-b-I9_ATHSCLE,20,57253275,0.021,NA,0.8873,"Atherosclerosis, excluding cerebral, coronary and PAD || id:finn-b-I9_ATHSCLE","Atherosclerosis, excluding cerebral, coronary and PAD","Atherosclerosis, excluding cerebral, coronary and PAD ||  || ",TRUE,igd,20,7356,57253275,8.36E-07,0.0027,met-a-468, || id:met-a-468,TRUE,reported,igd,2,TRUE
rs4761007,C,T,C,T,-0.0157,-0.0177,0.2646,0.3529,FALSE,FALSE,FALSE,finn-b-I9_ATHSCLE,12,127924890,0.0201,NA,0.3781,"Atherosclerosis, excluding cerebral, coronary and PAD || id:finn-b-I9_ATHSCLE","Atherosclerosis, excluding cerebral, coronary and PAD","Atherosclerosis, excluding cerebral, coronary and PAD ||  || ",TRUE,igd,12,7356,127924890,1.34E-06,0.0031,met-a-468, || id:met-a-468,TRUE,reported,igd,2,TRUE
rs329319,G,A,G,A,-0.0127,0.0097,0.5724,0.5761,FALSE,FALSE,FALSE,finn-b-I9_ATHSCLE,5,133906609,0.0196,NA,0.621001,"Atherosclerosis, excluding cerebral, coronary and PAD || id:finn-b-I9_ATHSCLE","Atherosclerosis, excluding cerebral, coronary and PAD","Atherosclerosis, excluding cerebral, coronary and PAD ||  || ",TRUE,igd,5,7356,133906609,1.69E-06,0.0025,met-a-468, || id:met-a-468,TRUE,reported,igd,2,TRUE
rs804895,C,T,C,T,0.0235,-0.0611,0.9219,0.8792,FALSE,FALSE,FALSE,finn-b-I9_ATHSCLE,16,81099713,0.0294,NA,0.0379997,"Atherosclerosis, excluding cerebral, coronary and PAD || id:finn-b-I9_ATHSCLE","Atherosclerosis, excluding cerebral, coronary and PAD","Atherosclerosis, excluding cerebral, coronary and PAD ||  || ",TRUE,igd,16,7356,81099713,1.83E-06,0.0048,met-a-468, || id:met-a-468,TRUE,reported,igd,2,TRUE
rs8082170,T,C,T,C,0.0153,-0.0165,0.1804,0.1242,FALSE,FALSE,FALSE,finn-b-I9_ATHSCLE,17,62395382,0.0291,NA,0.5702,"Atherosclerosis, excluding cerebral, coronary and PAD || id:finn-b-I9_ATHSCLE","Atherosclerosis, excluding cerebral, coronary and PAD","Atherosclerosis, excluding cerebral, coronary and PAD ||  || ",TRUE,igd,17,7356,62395382,1.99E-06,0.0031,met-a-468, || id:met-a-468,TRUE,reported,igd,2,TRUE
rs7709785,C,T,C,T,0.0176,0.0008,0.852,0.7629,FALSE,FALSE,FALSE,finn-b-I9_ATHSCLE,5,115406397,0.0226,NA,0.9716,"Atherosclerosis, excluding cerebral, coronary and PAD || id:finn-b-I9_ATHSCLE","Atherosclerosis, excluding cerebral, coronary and PAD","Atherosclerosis, excluding cerebral, coronary and PAD ||  || ",TRUE,igd,5,7356,115406397,3.08E-06,0.0037,met-a-468, || id:met-a-468,TRUE,reported,igd,2,TRUE
rs3012739,A,G,A,G,0.0116,-0.0543,0.4834,0.3979,FALSE,FALSE,FALSE,finn-b-I9_ATHSCLE,9,134654306,0.0196,NA,0.00567205,"Atherosclerosis, excluding cerebral, coronary and PAD || id:finn-b-I9_ATHSCLE","Atherosclerosis, excluding cerebral, coronary and PAD","Atherosclerosis, excluding cerebral, coronary and PAD ||  || ",TRUE,igd,9,7356,134654306,3.08E-06,0.0024,met-a-468, || id:met-a-468,TRUE,reported,igd,2,TRUE
rs229914,G,A,G,A,0.0115,0.0206,0.4154,0.3799,FALSE,FALSE,FALSE,finn-b-I9_ATHSCLE,6,134323928,0.0199,NA,0.3009,"Atherosclerosis, excluding cerebral, coronary and PAD || id:finn-b-I9_ATHSCLE","Atherosclerosis, excluding cerebral, coronary and PAD","Atherosclerosis, excluding cerebral, coronary and PAD ||  || ",TRUE,igd,6,7356,134323928,3.12E-06,0.0024,met-a-468, || id:met-a-468,TRUE,reported,igd,2,TRUE
rs11942622,G,T,G,T,-0.0712,0.1087,0.0171,0.01084,FALSE,FALSE,FALSE,finn-b-I9_ATHSCLE,4,12360318,0.0925,NA,0.2401,"Atherosclerosis, excluding cerebral, coronary and PAD || id:finn-b-I9_ATHSCLE","Atherosclerosis, excluding cerebral, coronary and PAD","Atherosclerosis, excluding cerebral, coronary and PAD ||  || ",TRUE,igd,4,1760,12360318,3.17E-06,0.0152,met-a-468, || id:met-a-468,TRUE,reported,igd,2,TRUE
rs7582822,A,G,A,G,0.0113,-0.027,0.388,0.31,FALSE,FALSE,FALSE,finn-b-I9_ATHSCLE,2,172034918,0.0209,NA,0.1961,"Atherosclerosis, excluding cerebral, coronary and PAD || id:finn-b-I9_ATHSCLE","Atherosclerosis, excluding cerebral, coronary and PAD","Atherosclerosis, excluding cerebral, coronary and PAD ||  || ",TRUE,igd,2,7356,172034918,4.16E-06,0.0024,met-a-468, || id:met-a-468,TRUE,reported,igd,2,TRUE
rs6951820,G,A,G,A,-0.0111,-0.0167,0.5662,0.5998,FALSE,FALSE,FALSE,finn-b-I9_ATHSCLE,7,154381783,0.0195,NA,0.3906,"Atherosclerosis, excluding cerebral, coronary and PAD || id:finn-b-I9_ATHSCLE","Atherosclerosis, excluding cerebral, coronary and PAD","Atherosclerosis, excluding cerebral, coronary and PAD ||  || ",TRUE,igd,7,7356,154381783,4.77E-06,0.0024,met-a-468, || id:met-a-468,TRUE,reported,igd,2,TRUE
rs2160860,T,A,T,A,-0.012,-0.0255,0.3859,0.3622,FALSE,TRUE,FALSE,finn-b-I9_ATHSCLE,8,39823145,0.0199,NA,0.1994,"Atherosclerosis, excluding cerebral, coronary and PAD || id:finn-b-I9_ATHSCLE","Atherosclerosis, excluding cerebral, coronary and PAD","Atherosclerosis, excluding cerebral, coronary and PAD ||  || ",TRUE,igd,8,7066,39823145,2.57E-09,0.0018,met-a-584, || id:met-a-584,TRUE,reported,igd,2,TRUE
rs4843718,A,G,A,G,0.0158,0.0553,0.2413,0.2279,FALSE,FALSE,FALSE,finn-b-I9_ATHSCLE,16,87878476,0.0228,NA,0.0152598,"Atherosclerosis, excluding cerebral, coronary and PAD || id:finn-b-I9_ATHSCLE","Atherosclerosis, excluding cerebral, coronary and PAD","Atherosclerosis, excluding cerebral, coronary and PAD ||  || ",TRUE,igd,16,7066,87878476,3.00E-08,0.0026,met-a-584, || id:met-a-584,TRUE,reported,igd,2,TRUE
rs4843944,G,C,G,C,-0.0102,0.0109,0.4797,0.4421,FALSE,TRUE,TRUE,finn-b-I9_ATHSCLE,16,86443965,0.0193,NA,0.5723,"Atherosclerosis, excluding cerebral, coronary and PAD || id:finn-b-I9_ATHSCLE","Atherosclerosis, excluding cerebral, coronary and PAD","Atherosclerosis, excluding cerebral, coronary and PAD ||  || ",TRUE,igd,16,7066,86443965,2.81E-07,0.0018,met-a-584, || id:met-a-584,TRUE,reported,igd,2,FALSE
rs1110277,G,A,G,A,0.0098,0.0238,0.325,0.287,FALSE,FALSE,FALSE,finn-b-I9_ATHSCLE,20,4854682,0.0211,NA,0.2609,"Atherosclerosis, excluding cerebral, coronary and PAD || id:finn-b-I9_ATHSCLE","Atherosclerosis, excluding cerebral, coronary and PAD","Atherosclerosis, excluding cerebral, coronary and PAD ||  || ",TRUE,igd,20,7066,4854682,1.29E-06,0.0019,met-a-584, || id:met-a-584,TRUE,reported,igd,2,TRUE
rs11022904,A,G,A,G,-0.014,-0.034,0.154,0.1481,FALSE,FALSE,FALSE,finn-b-I9_ATHSCLE,11,13632483,0.0271,NA,0.2094,"Atherosclerosis, excluding cerebral, coronary and PAD || id:finn-b-I9_ATHSCLE","Atherosclerosis, excluding cerebral, coronary and PAD","Atherosclerosis, excluding cerebral, coronary and PAD ||  || ",TRUE,igd,11,7066,13632483,1.30E-06,0.0027,met-a-584, || id:met-a-584,TRUE,reported,igd,2,TRUE
rs2329083,T,A,T,A,0.0096,0.0304,0.3656,0.3681,FALSE,TRUE,FALSE,finn-b-I9_ATHSCLE,13,79011713,0.0198,NA,0.1247,"Atherosclerosis, excluding cerebral, coronary and PAD || id:finn-b-I9_ATHSCLE","Atherosclerosis, excluding cerebral, coronary and PAD","Atherosclerosis, excluding cerebral, coronary and PAD ||  || ",TRUE,igd,13,7066,79011713,1.11E-06,0.0018,met-a-584, || id:met-a-584,TRUE,reported,igd,2,TRUE
rs11660401,C,T,C,T,-0.0095,-0.0405,0.396,0.4103,FALSE,FALSE,FALSE,finn-b-I9_ATHSCLE,18,71472768,0.0194,NA,0.0373302,"Atherosclerosis, excluding cerebral, coronary and PAD || id:finn-b-I9_ATHSCLE","Atherosclerosis, excluding cerebral, coronary and PAD","Atherosclerosis, excluding cerebral, coronary and PAD ||  || ",TRUE,igd,18,7066,71472768,1.11E-06,0.0018,met-a-584, || id:met-a-584,TRUE,reported,igd,2,TRUE
rs4902201,A,G,A,G,0.0095,0.0261,0.3616,0.3122,FALSE,FALSE,FALSE,finn-b-I9_ATHSCLE,14,63566635,0.0207,NA,0.2068,"Atherosclerosis, excluding cerebral, coronary and PAD || id:finn-b-I9_ATHSCLE","Atherosclerosis, excluding cerebral, coronary and PAD","Atherosclerosis, excluding cerebral, coronary and PAD ||  || ",TRUE,igd,14,7066,63566635,9.69E-07,0.0018,met-a-584, || id:met-a-584,TRUE,reported,igd,2,TRUE
rs7706926,G,C,G,C,-0.0094,0.0105,0.5068,0.5623,FALSE,TRUE,TRUE,finn-b-I9_ATHSCLE,5,75707153,0.0194,NA,0.5876,"Atherosclerosis, excluding cerebral, coronary and PAD || id:finn-b-I9_ATHSCLE","Atherosclerosis, excluding cerebral, coronary and PAD","Atherosclerosis, excluding cerebral, coronary and PAD ||  || ",TRUE,igd,5,7066,75707153,1.11E-06,0.0018,met-a-584, || id:met-a-584,TRUE,reported,igd,2,FALSE
rs4634107,T,G,T,G,-0.0093,-0.0421,0.5163,0.5209,FALSE,FALSE,FALSE,finn-b-I9_ATHSCLE,3,186341393,0.0192,NA,0.0284099,"Atherosclerosis, excluding cerebral, coronary and PAD || id:finn-b-I9_ATHSCLE","Atherosclerosis, excluding cerebral, coronary and PAD","Atherosclerosis, excluding cerebral, coronary and PAD ||  || ",TRUE,igd,3,7066,186341393,1.14E-06,0.0018,met-a-584, || id:met-a-584,TRUE,reported,igd,2,TRUE
rs1218924,G,A,G,A,-0.0094,0.0231,0.3799,0.4441,FALSE,FALSE,FALSE,finn-b-I9_ATHSCLE,11,101200041,0.0193,NA,0.2325,"Atherosclerosis, excluding cerebral, coronary and PAD || id:finn-b-I9_ATHSCLE","Atherosclerosis, excluding cerebral, coronary and PAD","Atherosclerosis, excluding cerebral, coronary and PAD ||  || ",TRUE,igd,11,7066,101200041,1.08E-06,0.0019,met-a-584, || id:met-a-584,TRUE,reported,igd,2,TRUE
rs6536380,T,C,T,C,0.0093,-0.0146,0.6346,0.5709,FALSE,FALSE,FALSE,finn-b-I9_ATHSCLE,4,159876379,0.0194,NA,0.4522,"Atherosclerosis, excluding cerebral, coronary and PAD || id:finn-b-I9_ATHSCLE","Atherosclerosis, excluding cerebral, coronary and PAD","Atherosclerosis, excluding cerebral, coronary and PAD ||  || ",TRUE,igd,4,7066,159876379,1.31E-06,0.0018,met-a-584, || id:met-a-584,TRUE,reported,igd,2,TRUE
rs10087179,C,T,C,T,0.0092,-0.0186,0.3865,0.3391,FALSE,FALSE,FALSE,finn-b-I9_ATHSCLE,8,75184592,0.0203,NA,0.3575,"Atherosclerosis, excluding cerebral, coronary and PAD || id:finn-b-I9_ATHSCLE","Atherosclerosis, excluding cerebral, coronary and PAD","Atherosclerosis, excluding cerebral, coronary and PAD ||  || ",TRUE,igd,8,7066,75184592,1.38E-06,0.0018,met-a-584, || id:met-a-584,TRUE,reported,igd,2,TRUE
rs4626675,C,T,C,T,-0.01,-0.0346,0.534,0.5691,FALSE,FALSE,FALSE,finn-b-I9_ATHSCLE,9,77860670,0.0195,NA,0.0762693,"Atherosclerosis, excluding cerebral, coronary and PAD || id:finn-b-I9_ATHSCLE","Atherosclerosis, excluding cerebral, coronary and PAD","Atherosclerosis, excluding cerebral, coronary and PAD ||  || ",TRUE,igd,9,5382,77860670,1.43E-06,0.002,met-a-584, || id:met-a-584,TRUE,reported,igd,2,TRUE
rs2280821,G,T,G,T,-0.0091,0.0057,0.492,0.5517,FALSE,FALSE,FALSE,finn-b-I9_ATHSCLE,8,1897900,0.0193,NA,0.7681,"Atherosclerosis, excluding cerebral, coronary and PAD || id:finn-b-I9_ATHSCLE","Atherosclerosis, excluding cerebral, coronary and PAD","Atherosclerosis, excluding cerebral, coronary and PAD ||  || ",TRUE,igd,8,7066,1897900,1.52E-06,0.0018,met-a-584, || id:met-a-584,TRUE,reported,igd,2,TRUE
rs4823474,C,T,C,T,-0.009,0.006,0.4449,0.463,FALSE,FALSE,FALSE,finn-b-I9_ATHSCLE,22,47560778,0.0192,NA,0.7543,"Atherosclerosis, excluding cerebral, coronary and PAD || id:finn-b-I9_ATHSCLE","Atherosclerosis, excluding cerebral, coronary and PAD","Atherosclerosis, excluding cerebral, coronary and PAD ||  || ",TRUE,igd,22,7066,47560778,1.81E-06,0.0018,met-a-584, || id:met-a-584,TRUE,reported,igd,2,TRUE
rs4980965,C,T,C,T,0.0089,-0.0154,0.4598,0.4311,FALSE,FALSE,FALSE,finn-b-I9_ATHSCLE,12,833418,0.0194,NA,0.4276,"Atherosclerosis, excluding cerebral, coronary and PAD || id:finn-b-I9_ATHSCLE","Atherosclerosis, excluding cerebral, coronary and PAD","Atherosclerosis, excluding cerebral, coronary and PAD ||  || ",TRUE,igd,12,7066,833418,2.63E-06,0.0018,met-a-584, || id:met-a-584,TRUE,reported,igd,2,TRUE
rs1039386,G,A,G,A,0.0088,0.0061,0.4267,0.3491,FALSE,FALSE,FALSE,finn-b-I9_ATHSCLE,4,169673829,0.0201,NA,0.7618,"Atherosclerosis, excluding cerebral, coronary and PAD || id:finn-b-I9_ATHSCLE","Atherosclerosis, excluding cerebral, coronary and PAD","Atherosclerosis, excluding cerebral, coronary and PAD ||  || ",TRUE,igd,4,7066,169673829,2.65E-06,0.0018,met-a-584, || id:met-a-584,TRUE,reported,igd,2,TRUE
rs10868025,G,A,G,A,-0.0088,0.0033,0.3884,0.339,FALSE,FALSE,FALSE,finn-b-I9_ATHSCLE,9,86164176,0.0203,NA,0.8718,"Atherosclerosis, excluding cerebral, coronary and PAD || id:finn-b-I9_ATHSCLE","Atherosclerosis, excluding cerebral, coronary and PAD","Atherosclerosis, excluding cerebral, coronary and PAD ||  || ",TRUE,igd,9,7066,86164176,2.79E-06,0.0018,met-a-584, || id:met-a-584,TRUE,reported,igd,2,TRUE
rs8045299,G,A,G,A,-0.0089,0.0047,0.6597,0.7535,FALSE,FALSE,FALSE,finn-b-I9_ATHSCLE,16,1316225,0.0222,NA,0.8334,"Atherosclerosis, excluding cerebral, coronary and PAD || id:finn-b-I9_ATHSCLE","Atherosclerosis, excluding cerebral, coronary and PAD","Atherosclerosis, excluding cerebral, coronary and PAD ||  || ",TRUE,igd,16,7066,1316225,3.17E-06,0.0019,met-a-584, || id:met-a-584,TRUE,reported,igd,2,TRUE
rs4669966,A,G,A,G,0.0087,-0.0056,0.5646,0.6343,FALSE,FALSE,FALSE,finn-b-I9_ATHSCLE,2,6075682,0.0199,NA,0.777401,"Atherosclerosis, excluding cerebral, coronary and PAD || id:finn-b-I9_ATHSCLE","Atherosclerosis, excluding cerebral, coronary and PAD","Atherosclerosis, excluding cerebral, coronary and PAD ||  || ",TRUE,igd,2,7066,6075682,3.10E-06,0.0018,met-a-584, || id:met-a-584,TRUE,reported,igd,2,TRUE
rs4890333,A,G,A,G,-0.0086,-0.0155,0.5104,0.564,FALSE,FALSE,FALSE,finn-b-I9_ATHSCLE,18,44134563,0.0194,NA,0.4226,"Atherosclerosis, excluding cerebral, coronary and PAD || id:finn-b-I9_ATHSCLE","Atherosclerosis, excluding cerebral, coronary and PAD","Atherosclerosis, excluding cerebral, coronary and PAD ||  || ",TRUE,igd,18,7066,44134563,3.27E-06,0.0018,met-a-584, || id:met-a-584,TRUE,reported,igd,2,TRUE
rs7922903,T,G,T,G,-0.0168,-0.045,0.0945,0.08731,FALSE,FALSE,FALSE,finn-b-I9_ATHSCLE,10,98764694,0.0338,NA,0.1831,"Atherosclerosis, excluding cerebral, coronary and PAD || id:finn-b-I9_ATHSCLE","Atherosclerosis, excluding cerebral, coronary and PAD","Atherosclerosis, excluding cerebral, coronary and PAD ||  || ",TRUE,igd,10,7066,98764694,3.20E-06,0.0035,met-a-584, || id:met-a-584,TRUE,reported,igd,2,TRUE
rs9972361,G,A,G,A,0.0087,0.0015,0.6649,0.6367,FALSE,FALSE,FALSE,finn-b-I9_ATHSCLE,15,37486228,0.0199,NA,0.9414,"Atherosclerosis, excluding cerebral, coronary and PAD || id:finn-b-I9_ATHSCLE","Atherosclerosis, excluding cerebral, coronary and PAD","Atherosclerosis, excluding cerebral, coronary and PAD ||  || ",TRUE,igd,15,7066,37486228,3.38E-06,0.0018,met-a-584, || id:met-a-584,TRUE,reported,igd,2,TRUE
rs2278908,C,T,C,T,-0.0087,-0.0025,0.641,0.8487,FALSE,FALSE,FALSE,finn-b-I9_ATHSCLE,11,68523910,0.0271,NA,0.9262,"Atherosclerosis, excluding cerebral, coronary and PAD || id:finn-b-I9_ATHSCLE","Atherosclerosis, excluding cerebral, coronary and PAD","Atherosclerosis, excluding cerebral, coronary and PAD ||  || ",TRUE,igd,11,7066,68523910,3.57E-06,0.0018,met-a-584, || id:met-a-584,TRUE,reported,igd,2,TRUE
rs4766046,C,A,C,A,0.0086,-0.0183,0.4248,0.4343,FALSE,FALSE,FALSE,finn-b-I9_ATHSCLE,12,3222714,0.0193,NA,0.3423,"Atherosclerosis, excluding cerebral, coronary and PAD || id:finn-b-I9_ATHSCLE","Atherosclerosis, excluding cerebral, coronary and PAD","Atherosclerosis, excluding cerebral, coronary and PAD ||  || ",TRUE,igd,12,7066,3222714,3.61E-06,0.0018,met-a-584, || id:met-a-584,TRUE,reported,igd,2,TRUE
rs10976882,G,A,G,A,-0.0086,0.0189,0.3798,0.3229,FALSE,FALSE,FALSE,finn-b-I9_ATHSCLE,9,8257948,0.0205,NA,0.3546,"Atherosclerosis, excluding cerebral, coronary and PAD || id:finn-b-I9_ATHSCLE","Atherosclerosis, excluding cerebral, coronary and PAD","Atherosclerosis, excluding cerebral, coronary and PAD ||  || ",TRUE,igd,9,7066,8257948,3.62E-06,0.0018,met-a-584, || id:met-a-584,TRUE,reported,igd,2,TRUE
rs6764891,G,A,G,A,-0.0086,-0.0086,0.6525,0.7471,FALSE,FALSE,FALSE,finn-b-I9_ATHSCLE,3,153040189,0.0222,NA,0.6983,"Atherosclerosis, excluding cerebral, coronary and PAD || id:finn-b-I9_ATHSCLE","Atherosclerosis, excluding cerebral, coronary and PAD","Atherosclerosis, excluding cerebral, coronary and PAD ||  || ",TRUE,igd,3,7066,153040189,3.61E-06,0.0018,met-a-584, || id:met-a-584,TRUE,reported,igd,2,TRUE
rs10016594,C,A,C,A,0.0085,-0.0054,0.4185,0.4469,FALSE,FALSE,FALSE,finn-b-I9_ATHSCLE,4,77901449,0.0193,NA,0.7808,"Atherosclerosis, excluding cerebral, coronary and PAD || id:finn-b-I9_ATHSCLE","Atherosclerosis, excluding cerebral, coronary and PAD","Atherosclerosis, excluding cerebral, coronary and PAD ||  || ",TRUE,igd,4,7066,77901449,3.77E-06,0.0018,met-a-584, || id:met-a-584,TRUE,reported,igd,2,TRUE
rs4509324,G,A,G,A,0.0277,-0.0085,0.0329,0.03037,FALSE,FALSE,FALSE,finn-b-I9_ATHSCLE,8,12684459,0.0564,NA,0.8803,"Atherosclerosis, excluding cerebral, coronary and PAD || id:finn-b-I9_ATHSCLE","Atherosclerosis, excluding cerebral, coronary and PAD","Atherosclerosis, excluding cerebral, coronary and PAD ||  || ",TRUE,igd,8,7066,12684459,3.81E-06,0.006,met-a-584, || id:met-a-584,TRUE,reported,igd,2,TRUE
rs402710,T,C,T,C,0.0086,0.0335,0.3378,0.3988,FALSE,FALSE,FALSE,finn-b-I9_ATHSCLE,5,1320722,0.0196,NA,0.0867601,"Atherosclerosis, excluding cerebral, coronary and PAD || id:finn-b-I9_ATHSCLE","Atherosclerosis, excluding cerebral, coronary and PAD","Atherosclerosis, excluding cerebral, coronary and PAD ||  || ",TRUE,igd,5,7066,1320722,4.70E-06,0.0019,met-a-584, || id:met-a-584,TRUE,reported,igd,2,TRUE
rs6694467,G,A,G,A,-0.0121,0.0324,0.1847,0.1415,FALSE,FALSE,FALSE,finn-b-I9_ATHSCLE,1,71892420,0.0273,NA,0.2352,"Atherosclerosis, excluding cerebral, coronary and PAD || id:finn-b-I9_ATHSCLE","Atherosclerosis, excluding cerebral, coronary and PAD","Atherosclerosis, excluding cerebral, coronary and PAD ||  || ",TRUE,igd,1,7066,71892420,4.86E-06,0.0026,met-a-584, || id:met-a-584,TRUE,reported,igd,2,TRUE
rs12231049,G,A,G,A,-0.0164,-0.0117,0.078,0.1103,FALSE,FALSE,FALSE,finn-b-I9_ATHSCLE,12,111349223,0.0305,NA,0.701501,"Atherosclerosis, excluding cerebral, coronary and PAD || id:finn-b-I9_ATHSCLE","Atherosclerosis, excluding cerebral, coronary and PAD","Atherosclerosis, excluding cerebral, coronary and PAD ||  || ",TRUE,igd,12,7066,111349223,4.88E-06,0.0036,met-a-584, || id:met-a-584,TRUE,reported,igd,2,TRUE
rs2715313,A,G,A,G,-0.0084,0.0426,0.3788,0.4981,FALSE,FALSE,FALSE,finn-b-I9_ATHSCLE,18,63687612,0.0192,NA,0.0266299,"Atherosclerosis, excluding cerebral, coronary and PAD || id:finn-b-I9_ATHSCLE","Atherosclerosis, excluding cerebral, coronary and PAD","Atherosclerosis, excluding cerebral, coronary and PAD ||  || ",TRUE,igd,18,7066,63687612,4.73E-06,0.0018,met-a-584, || id:met-a-584,TRUE,reported,igd,2,TRUE
rs9827101,A,C,A,C,0.0084,0.0129,0.5367,0.529,FALSE,FALSE,FALSE,finn-b-I9_ATHSCLE,3,131734203,0.0192,NA,0.4996,"Atherosclerosis, excluding cerebral, coronary and PAD || id:finn-b-I9_ATHSCLE","Atherosclerosis, excluding cerebral, coronary and PAD","Atherosclerosis, excluding cerebral, coronary and PAD ||  || ",TRUE,igd,3,7066,131734203,4.90E-06,0.0018,met-a-584, || id:met-a-584,TRUE,reported,igd,2,TRUE
rs1260326,C,T,C,T,-0.085678,-0.0415,0.638809,0.6493,FALSE,FALSE,FALSE,finn-b-I9_ATHSCLE,2,27730940,0.0201,NA,0.0392302,"Atherosclerosis, excluding cerebral, coronary and PAD || id:finn-b-I9_ATHSCLE","Atherosclerosis, excluding cerebral, coronary and PAD","Atherosclerosis, excluding cerebral, coronary and PAD ||  || ",TRUE,igd,2,22549,27730940,1.46E-16,0.009934,met-c-873, || id:met-c-873,TRUE,reported,igd,2,TRUE
rs7296080,T,C,T,C,0.050752,0.0143,0.652338,0.6611,FALSE,FALSE,FALSE,finn-b-I9_ATHSCLE,12,4138929,0.0203,NA,0.4799,"Atherosclerosis, excluding cerebral, coronary and PAD || id:finn-b-I9_ATHSCLE","Atherosclerosis, excluding cerebral, coronary and PAD","Atherosclerosis, excluding cerebral, coronary and PAD ||  || ",TRUE,igd,12,24771,4138929,2.82E-06,0.009934,met-c-873, || id:met-c-873,TRUE,reported,igd,2,TRUE
rs9472125,T,C,T,C,-0.077496,-0.0669,0.163063,0.1868,FALSE,FALSE,FALSE,finn-b-I9_ATHSCLE,6,43756169,0.0251,NA,0.00768794,"Atherosclerosis, excluding cerebral, coronary and PAD || id:finn-b-I9_ATHSCLE","Atherosclerosis, excluding cerebral, coronary and PAD","Atherosclerosis, excluding cerebral, coronary and PAD ||  || ",TRUE,igd,6,22661,43756169,2.67E-06,0.01537,met-c-873, || id:met-c-873,TRUE,reported,igd,2,TRUE
rs28862291,A,G,A,G,-0.22664,-0.097,0.018872,0.0173,FALSE,FALSE,FALSE,finn-b-I9_ATHSCLE,8,68230345,0.0749,NA,0.1952,"Atherosclerosis, excluding cerebral, coronary and PAD || id:finn-b-I9_ATHSCLE","Atherosclerosis, excluding cerebral, coronary and PAD","Atherosclerosis, excluding cerebral, coronary and PAD ||  || ",TRUE,igd,8,19244,68230345,3.73E-06,0.046064,met-c-873, || id:met-c-873,TRUE,reported,igd,2,TRUE
rs1743241,A,G,A,G,0.044474,0.0098,0.551918,0.5472,FALSE,FALSE,FALSE,finn-b-I9_ATHSCLE,6,118679974,0.0192,NA,0.61,"Atherosclerosis, excluding cerebral, coronary and PAD || id:finn-b-I9_ATHSCLE","Atherosclerosis, excluding cerebral, coronary and PAD","Atherosclerosis, excluding cerebral, coronary and PAD ||  || ",TRUE,igd,6,24771,118679974,4.23E-06,0.009169,met-c-873, || id:met-c-873,TRUE,reported,igd,2,TRUE
rs16935105,C,T,C,T,-0.246703,0.0206,0.012136,0.009838,FALSE,FALSE,FALSE,finn-b-I9_ATHSCLE,10,34422513,0.0984,NA,0.8338,"Atherosclerosis, excluding cerebral, coronary and PAD || id:finn-b-I9_ATHSCLE","Atherosclerosis, excluding cerebral, coronary and PAD","Atherosclerosis, excluding cerebral, coronary and PAD ||  || ",TRUE,igd,10,21102,34422513,4.12E-06,0.051193,met-c-873, || id:met-c-873,TRUE,reported,igd,2,TRUE
rs147338312,T,C,T,C,-0.195824,-0.0361,0.017568,0.02576,FALSE,FALSE,FALSE,finn-b-I9_ATHSCLE,14,87287547,0.0609,NA,0.5538,"Atherosclerosis, excluding cerebral, coronary and PAD || id:finn-b-I9_ATHSCLE","Atherosclerosis, excluding cerebral, coronary and PAD","Atherosclerosis, excluding cerebral, coronary and PAD ||  || ",TRUE,igd,14,22660,87287547,3.62E-06,0.040675,met-c-873, || id:met-c-873,TRUE,reported,igd,2,TRUE
rs4146536,G,C,G,C,-0.044826,0.012,0.463674,0.4715,FALSE,TRUE,TRUE,finn-b-I9_ATHSCLE,10,80760619,0.0192,NA,0.5331,"Atherosclerosis, excluding cerebral, coronary and PAD || id:finn-b-I9_ATHSCLE","Atherosclerosis, excluding cerebral, coronary and PAD","Atherosclerosis, excluding cerebral, coronary and PAD ||  || ",TRUE,igd,10,24774,80760619,3.39E-06,0.009339,met-c-873, || id:met-c-873,TRUE,reported,igd,2,FALSE
rs11075764,G,C,G,C,-0.052345,-0.011,0.246605,0.2255,FALSE,TRUE,FALSE,finn-b-I9_ATHSCLE,16,70513384,0.0229,NA,0.630001,"Atherosclerosis, excluding cerebral, coronary and PAD || id:finn-b-I9_ATHSCLE","Atherosclerosis, excluding cerebral, coronary and PAD","Atherosclerosis, excluding cerebral, coronary and PAD ||  || ",TRUE,igd,16,24772,70513384,3.13E-06,0.010923,met-c-873, || id:met-c-873,TRUE,reported,igd,2,TRUE
rs115783034,C,T,C,T,-0.363497,0.1702,0.004817,0.001654,FALSE,FALSE,FALSE,finn-b-I9_ATHSCLE,8,52244750,0.2429,NA,0.483499,"Atherosclerosis, excluding cerebral, coronary and PAD || id:finn-b-I9_ATHSCLE","Atherosclerosis, excluding cerebral, coronary and PAD","Atherosclerosis, excluding cerebral, coronary and PAD ||  || ",TRUE,igd,8,21380,52244750,3.62E-06,0.076661,met-c-873, || id:met-c-873,TRUE,reported,igd,2,TRUE
rs7565108,C,T,C,T,-0.062028,0.0106,0.856067,0.8669,FALSE,FALSE,FALSE,finn-b-I9_ATHSCLE,2,24034560,0.0283,NA,0.7072,"Atherosclerosis, excluding cerebral, coronary and PAD || id:finn-b-I9_ATHSCLE","Atherosclerosis, excluding cerebral, coronary and PAD","Atherosclerosis, excluding cerebral, coronary and PAD ||  || ",TRUE,igd,2,24771,24034560,3.65E-06,0.013141,met-c-873, || id:met-c-873,TRUE,reported,igd,2,TRUE
rs4696055,G,A,G,A,-0.053565,-0.0012,0.215219,0.2217,FALSE,FALSE,FALSE,finn-b-I9_ATHSCLE,4,174217122,0.0231,NA,0.9569,"Atherosclerosis, excluding cerebral, coronary and PAD || id:finn-b-I9_ATHSCLE","Atherosclerosis, excluding cerebral, coronary and PAD","Atherosclerosis, excluding cerebral, coronary and PAD ||  || ",TRUE,igd,4,24775,174217122,3.37E-06,0.011353,met-c-873, || id:met-c-873,TRUE,reported,igd,2,TRUE
rs74898104,C,T,C,T,0.088724,-0.0685,0.068491,0.06425,FALSE,FALSE,FALSE,finn-b-I9_ATHSCLE,7,55305717,0.0396,NA,0.0835892,"Atherosclerosis, excluding cerebral, coronary and PAD || id:finn-b-I9_ATHSCLE","Atherosclerosis, excluding cerebral, coronary and PAD","Atherosclerosis, excluding cerebral, coronary and PAD ||  || ",TRUE,igd,7,24770,55305717,4.14E-06,0.019041,met-c-873, || id:met-c-873,TRUE,reported,igd,2,TRUE
rs116895323,T,C,T,C,0.246472,0.0859,0.013162,0.02021,FALSE,FALSE,FALSE,finn-b-I9_ATHSCLE,7,71979173,0.0691,NA,0.2138,"Atherosclerosis, excluding cerebral, coronary and PAD || id:finn-b-I9_ATHSCLE","Atherosclerosis, excluding cerebral, coronary and PAD","Atherosclerosis, excluding cerebral, coronary and PAD ||  || ",TRUE,igd,7,22661,71979173,4.25E-06,0.053134,met-c-873, || id:met-c-873,TRUE,reported,igd,2,TRUE
rs150944423,G,A,G,A,-0.047482,0.0143,0.294654,0.3144,FALSE,FALSE,FALSE,finn-b-I9_ATHSCLE,1,33441358,0.0207,NA,0.4903,"Atherosclerosis, excluding cerebral, coronary and PAD || id:finn-b-I9_ATHSCLE","Atherosclerosis, excluding cerebral, coronary and PAD","Atherosclerosis, excluding cerebral, coronary and PAD ||  || ",TRUE,igd,1,24772,33441358,4.42E-06,0.010286,met-c-873, || id:met-c-873,TRUE,reported,igd,2,TRUE
