SNP,effect_allele.exposure,other_allele.exposure,effect_allele.outcome,other_allele.outcome,beta.exposure,beta.outcome,eaf.exposure,eaf.outcome,remove,palindromic,ambiguous,id.outcome,chr,pos,se.outcome,samplesize.outcome,pval.outcome,outcome,originalname.outcome,outcome.deprecated,mr_keep.outcome,data_source.outcome,chr.exposure,pos.exposure,se.exposure,adjust.pval.exposure,samplesize.exposure,id.exposure,exposure,mr_keep.exposure,pval_origin.exposure,data_source.exposure,action,mr_keep
rs12748533,G,T,G,T,-0.0821108,-0.001,NA,0.2889,FALSE,FALSE,FALSE,met-a-375,1,242767252,0.0024,7368,0.6896,Kynurenine || id:met-a-375,Kynurenine,Kynurenine ||  || ,TRUE,igd,1,242767252,0.0172701,2.59E-06,14306,ebi-a-GCST90017079, || id:ebi-a-GCST90017079,TRUE,reported,igd,2,TRUE
rs17043785,T,C,T,C,-0.176187,-0.0075,NA,0.0539,FALSE,FALSE,FALSE,met-a-375,2,53139362,0.0041,7368,0.0634001,Kynurenine || id:met-a-375,Kynurenine,Kynurenine ||  || ,TRUE,igd,2,53139362,0.0347133,1.02E-06,14306,ebi-a-GCST90017079, || id:ebi-a-GCST90017079,TRUE,reported,igd,2,TRUE
rs12748533,G,T,G,T,-0.0821108,0.0061,NA,0.2876,FALSE,FALSE,FALSE,met-a-420,1,242767252,0.0035,7366,0.0755092,2-hydroxybutyrate (AHB) || id:met-a-420,2-hydroxybutyrate (AHB),2-hydroxybutyrate (AHB) ||  || ,TRUE,igd,1,242767252,0.0172701,2.59E-06,14306,ebi-a-GCST90017079, || id:ebi-a-GCST90017079,TRUE,reported,igd,2,TRUE
rs17043785,T,C,T,C,-0.176187,4.00E-04,NA,0.0533,FALSE,FALSE,FALSE,met-a-420,2,53139362,0.0066,7366,0.9464,2-hydroxybutyrate (AHB) || id:met-a-420,2-hydroxybutyrate (AHB),2-hydroxybutyrate (AHB) ||  || ,TRUE,igd,2,53139362,0.0347133,1.02E-06,14306,ebi-a-GCST90017079, || id:ebi-a-GCST90017079,TRUE,reported,igd,2,TRUE
rs12748533,G,T,G,T,-0.0821108,0.0013,NA,0.2879,FALSE,FALSE,FALSE,met-a-427,1,242767252,0.0032,6180,0.6904,2-hydroxyisobutyrate || id:met-a-427,2-hydroxyisobutyrate,2-hydroxyisobutyrate ||  || ,TRUE,igd,1,242767252,0.0172701,2.59E-06,14306,ebi-a-GCST90017079, || id:ebi-a-GCST90017079,TRUE,reported,igd,2,TRUE
rs17043785,T,C,T,C,-0.176187,-0.0053,NA,0.054,FALSE,FALSE,FALSE,met-a-427,2,53139362,0.0056,6180,0.3485,2-hydroxyisobutyrate || id:met-a-427,2-hydroxyisobutyrate,2-hydroxyisobutyrate ||  || ,TRUE,igd,2,53139362,0.0347133,1.02E-06,14306,ebi-a-GCST90017079, || id:ebi-a-GCST90017079,TRUE,reported,igd,2,TRUE
rs12748533,G,T,G,T,-0.0821108,-0.0027,NA,0.2875,FALSE,FALSE,FALSE,met-a-451,1,242767252,0.0039,7373,0.4878,Creatine || id:met-a-451,Creatine,Creatine ||  || ,TRUE,igd,1,242767252,0.0172701,2.59E-06,14306,ebi-a-GCST90017079, || id:ebi-a-GCST90017079,TRUE,reported,igd,2,TRUE
rs17043785,T,C,T,C,-0.176187,-0.0101,NA,0.0543,FALSE,FALSE,FALSE,met-a-451,2,53139362,0.008,7373,0.2072,Creatine || id:met-a-451,Creatine,Creatine ||  || ,TRUE,igd,2,53139362,0.0347133,1.02E-06,14306,ebi-a-GCST90017079, || id:ebi-a-GCST90017079,TRUE,reported,igd,2,TRUE
rs12748533,G,T,G,T,-0.0821108,0.0025,NA,0.2894,FALSE,FALSE,FALSE,met-a-468,1,242767252,0.0031,7356,0.4163,Glycine || id:met-a-468,Glycine,Glycine ||  || ,TRUE,igd,1,242767252,0.0172701,2.59E-06,14306,ebi-a-GCST90017079, || id:ebi-a-GCST90017079,TRUE,reported,igd,2,TRUE
rs17043785,T,C,T,C,-0.176187,-0.003,NA,0.0568,FALSE,FALSE,FALSE,met-a-468,2,53139362,0.0057,7356,0.6038,Glycine || id:met-a-468,Glycine,Glycine ||  || ,TRUE,igd,2,53139362,0.0347133,1.02E-06,14306,ebi-a-GCST90017079, || id:ebi-a-GCST90017079,TRUE,reported,igd,2,TRUE
rs12748533,G,T,G,T,-0.0821108,4.00E-04,NA,0.2868,FALSE,FALSE,FALSE,met-a-584,1,242767252,0.0026,7066,0.8753,X-12100--hydroxytryptophan* || id:met-a-584,X-12100--hydroxytryptophan*,X-12100--hydroxytryptophan* ||  || ,TRUE,igd,1,242767252,0.0172701,2.59E-06,14306,ebi-a-GCST90017079, || id:ebi-a-GCST90017079,TRUE,reported,igd,2,TRUE
rs17043785,T,C,T,C,-0.176187,-0.0024,NA,0.0526,FALSE,FALSE,FALSE,met-a-584,2,53139362,0.005,7066,0.6342,X-12100--hydroxytryptophan* || id:met-a-584,X-12100--hydroxytryptophan*,X-12100--hydroxytryptophan* ||  || ,TRUE,igd,2,53139362,0.0347133,1.02E-06,14306,ebi-a-GCST90017079, || id:ebi-a-GCST90017079,TRUE,reported,igd,2,TRUE
rs1883097,C,T,C,T,0.226399,-0.0015,NA,0.0577,FALSE,FALSE,FALSE,met-a-375,11,8938819,0.0072,1764,0.8321,Kynurenine || id:met-a-375,Kynurenine,Kynurenine ||  || ,TRUE,igd,11,8938819,0.0454642,8.32E-07,14306,ebi-a-GCST90017073, || id:ebi-a-GCST90017073,TRUE,reported,igd,2,TRUE
rs7034891,G,C,G,C,-0.0799209,0.0033,NA,0.4555,FALSE,TRUE,TRUE,met-a-375,9,117245252,0.0017,7368,0.0590405,Kynurenine || id:met-a-375,Kynurenine,Kynurenine ||  || ,TRUE,igd,9,117245252,0.0173794,4.54E-06,14306,ebi-a-GCST90017073, || id:ebi-a-GCST90017073,TRUE,reported,igd,2,FALSE
rs1883097,C,T,C,T,0.226399,0.005,NA,0.0574,FALSE,FALSE,FALSE,met-a-420,11,8938819,0.0123,1765,0.6856,2-hydroxybutyrate (AHB) || id:met-a-420,2-hydroxybutyrate (AHB),2-hydroxybutyrate (AHB) ||  || ,TRUE,igd,11,8938819,0.0454642,8.32E-07,14306,ebi-a-GCST90017073, || id:ebi-a-GCST90017073,TRUE,reported,igd,2,TRUE
rs7034891,G,C,G,C,-0.0799209,6.00E-04,NA,0.456,FALSE,TRUE,TRUE,met-a-420,9,117245252,0.0033,7366,0.8506,2-hydroxybutyrate (AHB) || id:met-a-420,2-hydroxybutyrate (AHB),2-hydroxybutyrate (AHB) ||  || ,TRUE,igd,9,117245252,0.0173794,4.54E-06,14306,ebi-a-GCST90017073, || id:ebi-a-GCST90017073,TRUE,reported,igd,2,FALSE
rs1883097,C,T,C,T,0.226399,-0.0107,NA,0.06,FALSE,FALSE,FALSE,met-a-427,11,8938819,0.0097,1622,0.2689,2-hydroxyisobutyrate || id:met-a-427,2-hydroxyisobutyrate,2-hydroxyisobutyrate ||  || ,TRUE,igd,11,8938819,0.0454642,8.32E-07,14306,ebi-a-GCST90017073, || id:ebi-a-GCST90017073,TRUE,reported,igd,2,TRUE
rs7034891,G,C,G,C,-0.0799209,0.0044,NA,0.4566,FALSE,TRUE,TRUE,met-a-427,9,117245252,0.0025,6180,0.0854791,2-hydroxyisobutyrate || id:met-a-427,2-hydroxyisobutyrate,2-hydroxyisobutyrate ||  || ,TRUE,igd,9,117245252,0.0173794,4.54E-06,14306,ebi-a-GCST90017073, || id:ebi-a-GCST90017073,TRUE,reported,igd,2,FALSE
rs1883097,C,T,C,T,0.226399,0.0043,NA,0.0575,FALSE,FALSE,FALSE,met-a-451,11,8938819,0.0137,1768,0.7546,Creatine || id:met-a-451,Creatine,Creatine ||  || ,TRUE,igd,11,8938819,0.0454642,8.32E-07,14306,ebi-a-GCST90017073, || id:ebi-a-GCST90017073,TRUE,reported,igd,2,TRUE
rs7034891,G,C,G,C,-0.0799209,0.0013,NA,0.456,FALSE,TRUE,TRUE,met-a-451,9,117245252,0.0037,7373,0.7278,Creatine || id:met-a-451,Creatine,Creatine ||  || ,TRUE,igd,9,117245252,0.0173794,4.54E-06,14306,ebi-a-GCST90017073, || id:ebi-a-GCST90017073,TRUE,reported,igd,2,FALSE
rs1883097,C,T,C,T,0.226399,-0.007,NA,0.0572,FALSE,FALSE,FALSE,met-a-468,11,8938819,0.0086,1760,0.4163,Glycine || id:met-a-468,Glycine,Glycine ||  || ,TRUE,igd,11,8938819,0.0454642,8.32E-07,14306,ebi-a-GCST90017073, || id:ebi-a-GCST90017073,TRUE,reported,igd,2,TRUE
rs7034891,G,C,G,C,-0.0799209,-0.0015,NA,0.4567,FALSE,TRUE,TRUE,met-a-468,9,117245252,0.0024,7356,0.5285,Glycine || id:met-a-468,Glycine,Glycine ||  || ,TRUE,igd,9,117245252,0.0173794,4.54E-06,14306,ebi-a-GCST90017073, || id:ebi-a-GCST90017073,TRUE,reported,igd,2,FALSE
rs1883097,C,T,C,T,0.226399,-0.0102,NA,0.0583,FALSE,FALSE,FALSE,met-a-584,11,8938819,0.0094,1684,0.2791,X-12100--hydroxytryptophan* || id:met-a-584,X-12100--hydroxytryptophan*,X-12100--hydroxytryptophan* ||  || ,TRUE,igd,11,8938819,0.0454642,8.32E-07,14306,ebi-a-GCST90017073, || id:ebi-a-GCST90017073,TRUE,reported,igd,2,TRUE
rs7034891,G,C,G,C,-0.0799209,0.0016,NA,0.4545,FALSE,TRUE,TRUE,met-a-584,9,117245252,0.0018,7066,0.3847,X-12100--hydroxytryptophan* || id:met-a-584,X-12100--hydroxytryptophan*,X-12100--hydroxytryptophan* ||  || ,TRUE,igd,9,117245252,0.0173794,4.54E-06,14306,ebi-a-GCST90017073, || id:ebi-a-GCST90017073,TRUE,reported,igd,2,FALSE
rs4738679,A,G,A,G,0.0520267,-0.0016,NA,0.6589,FALSE,FALSE,FALSE,met-a-375,8,59370320,0.0017,7368,0.3651,Kynurenine || id:met-a-375,Kynurenine,Kynurenine ||  || ,TRUE,igd,8,59370320,0.011404,4.42E-06,14306,ebi-a-GCST90017020, || id:ebi-a-GCST90017020,TRUE,reported,igd,2,TRUE
rs789029,C,T,C,T,-0.0641288,5.00E-04,NA,0.1802,FALSE,FALSE,FALSE,met-a-375,18,1053252,0.0025,7368,0.8514,Kynurenine || id:met-a-375,Kynurenine,Kynurenine ||  || ,TRUE,igd,18,1053252,0.0137974,4.42E-06,14306,ebi-a-GCST90017020, || id:ebi-a-GCST90017020,TRUE,reported,igd,2,TRUE
rs4738679,A,G,A,G,0.0520267,-0.001,NA,0.6571,FALSE,FALSE,FALSE,met-a-420,8,59370320,0.0033,7366,0.7616,2-hydroxybutyrate (AHB) || id:met-a-420,2-hydroxybutyrate (AHB),2-hydroxybutyrate (AHB) ||  || ,TRUE,igd,8,59370320,0.011404,4.42E-06,14306,ebi-a-GCST90017020, || id:ebi-a-GCST90017020,TRUE,reported,igd,2,TRUE
rs789029,C,T,C,T,-0.0641288,0.0027,NA,0.1791,FALSE,FALSE,FALSE,met-a-420,18,1053252,0.0035,7366,0.436,2-hydroxybutyrate (AHB) || id:met-a-420,2-hydroxybutyrate (AHB),2-hydroxybutyrate (AHB) ||  || ,TRUE,igd,18,1053252,0.0137974,4.42E-06,14306,ebi-a-GCST90017020, || id:ebi-a-GCST90017020,TRUE,reported,igd,2,TRUE
rs4738679,A,G,A,G,0.0520267,-0.0012,NA,0.658,FALSE,FALSE,FALSE,met-a-427,8,59370320,0.0026,6180,0.633299,2-hydroxyisobutyrate || id:met-a-427,2-hydroxyisobutyrate,2-hydroxyisobutyrate ||  || ,TRUE,igd,8,59370320,0.011404,4.42E-06,14306,ebi-a-GCST90017020, || id:ebi-a-GCST90017020,TRUE,reported,igd,2,TRUE
rs789029,C,T,C,T,-0.0641288,4.00E-04,NA,0.1798,FALSE,FALSE,FALSE,met-a-427,18,1053252,0.0033,6180,0.8938,2-hydroxyisobutyrate || id:met-a-427,2-hydroxyisobutyrate,2-hydroxyisobutyrate ||  || ,TRUE,igd,18,1053252,0.0137974,4.42E-06,14306,ebi-a-GCST90017020, || id:ebi-a-GCST90017020,TRUE,reported,igd,2,TRUE
rs4738679,A,G,A,G,0.0520267,-0.0043,NA,0.6572,FALSE,FALSE,FALSE,met-a-451,8,59370320,0.0037,7373,0.2436,Creatine || id:met-a-451,Creatine,Creatine ||  || ,TRUE,igd,8,59370320,0.011404,4.42E-06,14306,ebi-a-GCST90017020, || id:ebi-a-GCST90017020,TRUE,reported,igd,2,TRUE
rs789029,C,T,C,T,-0.0641288,-4.00E-04,NA,0.1799,FALSE,FALSE,FALSE,met-a-451,18,1053252,0.0046,7373,0.9364,Creatine || id:met-a-451,Creatine,Creatine ||  || ,TRUE,igd,18,1053252,0.0137974,4.42E-06,14306,ebi-a-GCST90017020, || id:ebi-a-GCST90017020,TRUE,reported,igd,2,TRUE
rs4738679,A,G,A,G,0.0520267,-9.00E-04,NA,0.6562,FALSE,FALSE,FALSE,met-a-468,8,59370320,0.0024,7356,0.7021,Glycine || id:met-a-468,Glycine,Glycine ||  || ,TRUE,igd,8,59370320,0.011404,4.42E-06,14306,ebi-a-GCST90017020, || id:ebi-a-GCST90017020,TRUE,reported,igd,2,TRUE
rs789029,C,T,C,T,-0.0641288,5.00E-04,NA,0.1806,FALSE,FALSE,FALSE,met-a-468,18,1053252,0.0032,7356,0.8643,Glycine || id:met-a-468,Glycine,Glycine ||  || ,TRUE,igd,18,1053252,0.0137974,4.42E-06,14306,ebi-a-GCST90017020, || id:ebi-a-GCST90017020,TRUE,reported,igd,2,TRUE
rs4738679,A,G,A,G,0.0520267,-0.0016,NA,0.6582,FALSE,FALSE,FALSE,met-a-584,8,59370320,0.0025,7066,0.517299,X-12100--hydroxytryptophan* || id:met-a-584,X-12100--hydroxytryptophan*,X-12100--hydroxytryptophan* ||  || ,TRUE,igd,8,59370320,0.011404,4.42E-06,14306,ebi-a-GCST90017020, || id:ebi-a-GCST90017020,TRUE,reported,igd,2,TRUE
rs789029,C,T,C,T,-0.0641288,0.0027,NA,0.1789,FALSE,FALSE,FALSE,met-a-584,18,1053252,0.0027,7066,0.3052,X-12100--hydroxytryptophan* || id:met-a-584,X-12100--hydroxytryptophan*,X-12100--hydroxytryptophan* ||  || ,TRUE,igd,18,1053252,0.0137974,4.42E-06,14306,ebi-a-GCST90017020, || id:ebi-a-GCST90017020,TRUE,reported,igd,2,TRUE
rs12668619,A,G,A,G,0.055301,-0.003,NA,0.3596,FALSE,FALSE,FALSE,met-a-375,7,21637810,0.0017,7368,0.0902797,Kynurenine || id:met-a-375,Kynurenine,Kynurenine ||  || ,TRUE,igd,7,21637810,0.0117654,4.64E-06,14306,ebi-a-GCST90016956, || id:ebi-a-GCST90016956,TRUE,reported,igd,2,TRUE
rs12741784,C,T,C,T,-0.0621452,4.00E-04,NA,0.3672,FALSE,FALSE,FALSE,met-a-375,1,50088819,0.0017,7368,0.8097,Kynurenine || id:met-a-375,Kynurenine,Kynurenine ||  || ,TRUE,igd,1,50088819,0.0119266,6.40E-07,14306,ebi-a-GCST90016956, || id:ebi-a-GCST90016956,TRUE,reported,igd,2,TRUE
rs1442060,A,G,A,G,0.0514024,-7.00E-04,NA,0.5096,FALSE,FALSE,FALSE,met-a-375,4,46366067,0.0023,7368,0.7552,Kynurenine || id:met-a-375,Kynurenine,Kynurenine ||  || ,TRUE,igd,4,46366067,0.0112125,4.64E-06,14306,ebi-a-GCST90016956, || id:ebi-a-GCST90016956,TRUE,reported,igd,2,TRUE
rs2175069,G,A,G,A,0.0526752,0.003,NA,0.6073,FALSE,FALSE,FALSE,met-a-375,4,23317124,0.0017,7368,0.0855894,Kynurenine || id:met-a-375,Kynurenine,Kynurenine ||  || ,TRUE,igd,4,23317124,0.0114886,4.64E-06,14306,ebi-a-GCST90016956, || id:ebi-a-GCST90016956,TRUE,reported,igd,2,TRUE
rs4797169,T,C,T,C,0.0587799,-0.0015,NA,0.2348,FALSE,FALSE,FALSE,met-a-375,18,462180,0.0024,7368,0.5123,Kynurenine || id:met-a-375,Kynurenine,Kynurenine ||  || ,TRUE,igd,18,462180,0.0128297,4.64E-06,14306,ebi-a-GCST90016956, || id:ebi-a-GCST90016956,TRUE,reported,igd,2,TRUE
rs12668619,A,G,A,G,0.055301,0.0032,NA,0.358,FALSE,FALSE,FALSE,met-a-420,7,21637810,0.0033,7366,0.3394,2-hydroxybutyrate (AHB) || id:met-a-420,2-hydroxybutyrate (AHB),2-hydroxybutyrate (AHB) ||  || ,TRUE,igd,7,21637810,0.0117654,4.64E-06,14306,ebi-a-GCST90016956, || id:ebi-a-GCST90016956,TRUE,reported,igd,2,TRUE
rs12741784,C,T,C,T,-0.0621452,0.0018,NA,0.3688,FALSE,FALSE,FALSE,met-a-420,1,50088819,0.0033,7366,0.5818,2-hydroxybutyrate (AHB) || id:met-a-420,2-hydroxybutyrate (AHB),2-hydroxybutyrate (AHB) ||  || ,TRUE,igd,1,50088819,0.0119266,6.40E-07,14306,ebi-a-GCST90016956, || id:ebi-a-GCST90016956,TRUE,reported,igd,2,TRUE
rs1442060,A,G,A,G,0.0514024,0.0019,NA,0.511,FALSE,FALSE,FALSE,met-a-420,4,46366067,0.0034,7366,0.579301,2-hydroxybutyrate (AHB) || id:met-a-420,2-hydroxybutyrate (AHB),2-hydroxybutyrate (AHB) ||  || ,TRUE,igd,4,46366067,0.0112125,4.64E-06,14306,ebi-a-GCST90016956, || id:ebi-a-GCST90016956,TRUE,reported,igd,2,TRUE
rs2175069,G,A,G,A,0.0526752,9.00E-04,NA,0.6068,FALSE,FALSE,FALSE,met-a-420,4,23317124,0.0033,7366,0.7798,2-hydroxybutyrate (AHB) || id:met-a-420,2-hydroxybutyrate (AHB),2-hydroxybutyrate (AHB) ||  || ,TRUE,igd,4,23317124,0.0114886,4.64E-06,14306,ebi-a-GCST90016956, || id:ebi-a-GCST90016956,TRUE,reported,igd,2,TRUE
rs4797169,T,C,T,C,0.0587799,0.0019,NA,0.2324,FALSE,FALSE,FALSE,met-a-420,18,462180,0.0034,7366,0.5862,2-hydroxybutyrate (AHB) || id:met-a-420,2-hydroxybutyrate (AHB),2-hydroxybutyrate (AHB) ||  || ,TRUE,igd,18,462180,0.0128297,4.64E-06,14306,ebi-a-GCST90016956, || id:ebi-a-GCST90016956,TRUE,reported,igd,2,TRUE
rs12668619,A,G,A,G,0.055301,0.004,NA,0.3592,FALSE,FALSE,FALSE,met-a-427,7,21637810,0.0026,6180,0.1211,2-hydroxyisobutyrate || id:met-a-427,2-hydroxyisobutyrate,2-hydroxyisobutyrate ||  || ,TRUE,igd,7,21637810,0.0117654,4.64E-06,14306,ebi-a-GCST90016956, || id:ebi-a-GCST90016956,TRUE,reported,igd,2,TRUE
rs12741784,C,T,C,T,-0.0621452,-6.00E-04,NA,0.369,FALSE,FALSE,FALSE,met-a-427,1,50088819,0.0026,6180,0.8117,2-hydroxyisobutyrate || id:met-a-427,2-hydroxyisobutyrate,2-hydroxyisobutyrate ||  || ,TRUE,igd,1,50088819,0.0119266,6.40E-07,14306,ebi-a-GCST90016956, || id:ebi-a-GCST90016956,TRUE,reported,igd,2,TRUE
rs1442060,A,G,A,G,0.0514024,0.006,NA,0.5075,FALSE,FALSE,FALSE,met-a-427,4,46366067,0.0031,6180,0.05236,2-hydroxyisobutyrate || id:met-a-427,2-hydroxyisobutyrate,2-hydroxyisobutyrate ||  || ,TRUE,igd,4,46366067,0.0112125,4.64E-06,14306,ebi-a-GCST90016956, || id:ebi-a-GCST90016956,TRUE,reported,igd,2,TRUE
rs2175069,G,A,G,A,0.0526752,-0.0015,NA,0.6068,FALSE,FALSE,FALSE,met-a-427,4,23317124,0.0025,6180,0.5652,2-hydroxyisobutyrate || id:met-a-427,2-hydroxyisobutyrate,2-hydroxyisobutyrate ||  || ,TRUE,igd,4,23317124,0.0114886,4.64E-06,14306,ebi-a-GCST90016956, || id:ebi-a-GCST90016956,TRUE,reported,igd,2,TRUE
rs4797169,T,C,T,C,0.0587799,0.0024,NA,0.2337,FALSE,FALSE,FALSE,met-a-427,18,462180,0.0032,6180,0.4492,2-hydroxyisobutyrate || id:met-a-427,2-hydroxyisobutyrate,2-hydroxyisobutyrate ||  || ,TRUE,igd,18,462180,0.0128297,4.64E-06,14306,ebi-a-GCST90016956, || id:ebi-a-GCST90016956,TRUE,reported,igd,2,TRUE
rs12668619,A,G,A,G,0.055301,0.001,NA,0.3579,FALSE,FALSE,FALSE,met-a-451,7,21637810,0.0037,7373,0.7791,Creatine || id:met-a-451,Creatine,Creatine ||  || ,TRUE,igd,7,21637810,0.0117654,4.64E-06,14306,ebi-a-GCST90016956, || id:ebi-a-GCST90016956,TRUE,reported,igd,2,TRUE
rs12741784,C,T,C,T,-0.0621452,-0.0025,NA,0.3686,FALSE,FALSE,FALSE,met-a-451,1,50088819,0.0037,7373,0.491801,Creatine || id:met-a-451,Creatine,Creatine ||  || ,TRUE,igd,1,50088819,0.0119266,6.40E-07,14306,ebi-a-GCST90016956, || id:ebi-a-GCST90016956,TRUE,reported,igd,2,TRUE
rs1442060,A,G,A,G,0.0514024,0.0035,NA,0.5097,FALSE,FALSE,FALSE,met-a-451,4,46366067,0.0043,7373,0.4189,Creatine || id:met-a-451,Creatine,Creatine ||  || ,TRUE,igd,4,46366067,0.0112125,4.64E-06,14306,ebi-a-GCST90016956, || id:ebi-a-GCST90016956,TRUE,reported,igd,2,TRUE
rs2175069,G,A,G,A,0.0526752,-0.0025,NA,0.6067,FALSE,FALSE,FALSE,met-a-451,4,23317124,0.0037,7373,0.494899,Creatine || id:met-a-451,Creatine,Creatine ||  || ,TRUE,igd,4,23317124,0.0114886,4.64E-06,14306,ebi-a-GCST90016956, || id:ebi-a-GCST90016956,TRUE,reported,igd,2,TRUE
rs4797169,T,C,T,C,0.0587799,0.0031,NA,0.2344,FALSE,FALSE,FALSE,met-a-451,18,462180,0.0044,7373,0.4862,Creatine || id:met-a-451,Creatine,Creatine ||  || ,TRUE,igd,18,462180,0.0128297,4.64E-06,14306,ebi-a-GCST90016956, || id:ebi-a-GCST90016956,TRUE,reported,igd,2,TRUE
rs12668619,A,G,A,G,0.055301,-8.00E-04,NA,0.3567,FALSE,FALSE,FALSE,met-a-468,7,21637810,0.0025,7356,0.7519,Glycine || id:met-a-468,Glycine,Glycine ||  || ,TRUE,igd,7,21637810,0.0117654,4.64E-06,14306,ebi-a-GCST90016956, || id:ebi-a-GCST90016956,TRUE,reported,igd,2,TRUE
rs12741784,C,T,C,T,-0.0621452,-0.0039,NA,0.3694,FALSE,FALSE,FALSE,met-a-468,1,50088819,0.0024,7356,0.1132,Glycine || id:met-a-468,Glycine,Glycine ||  || ,TRUE,igd,1,50088819,0.0119266,6.40E-07,14306,ebi-a-GCST90016956, || id:ebi-a-GCST90016956,TRUE,reported,igd,2,TRUE
rs1442060,A,G,A,G,0.0514024,0.0036,NA,0.5087,FALSE,FALSE,FALSE,met-a-468,4,46366067,0.0029,7356,0.2231,Glycine || id:met-a-468,Glycine,Glycine ||  || ,TRUE,igd,4,46366067,0.0112125,4.64E-06,14306,ebi-a-GCST90016956, || id:ebi-a-GCST90016956,TRUE,reported,igd,2,TRUE
rs2175069,G,A,G,A,0.0526752,0.0035,NA,0.606,FALSE,FALSE,FALSE,met-a-468,4,23317124,0.0024,7356,0.1476,Glycine || id:met-a-468,Glycine,Glycine ||  || ,TRUE,igd,4,23317124,0.0114886,4.64E-06,14306,ebi-a-GCST90016956, || id:ebi-a-GCST90016956,TRUE,reported,igd,2,TRUE
rs4797169,T,C,T,C,0.0587799,0.0021,NA,0.2362,FALSE,FALSE,FALSE,met-a-468,18,462180,0.003,7356,0.4819,Glycine || id:met-a-468,Glycine,Glycine ||  || ,TRUE,igd,18,462180,0.0128297,4.64E-06,14306,ebi-a-GCST90016956, || id:ebi-a-GCST90016956,TRUE,reported,igd,2,TRUE
rs12668619,A,G,A,G,0.055301,-0.0021,NA,0.3579,FALSE,FALSE,FALSE,met-a-584,7,21637810,0.0025,7066,0.4111,X-12100--hydroxytryptophan* || id:met-a-584,X-12100--hydroxytryptophan*,X-12100--hydroxytryptophan* ||  || ,TRUE,igd,7,21637810,0.0117654,4.64E-06,14306,ebi-a-GCST90016956, || id:ebi-a-GCST90016956,TRUE,reported,igd,2,TRUE
rs12741784,C,T,C,T,-0.0621452,-0.0025,NA,0.3653,FALSE,FALSE,FALSE,met-a-584,1,50088819,0.0018,7066,0.1798,X-12100--hydroxytryptophan* || id:met-a-584,X-12100--hydroxytryptophan*,X-12100--hydroxytryptophan* ||  || ,TRUE,igd,1,50088819,0.0119266,6.40E-07,14306,ebi-a-GCST90016956, || id:ebi-a-GCST90016956,TRUE,reported,igd,2,TRUE
rs1442060,A,G,A,G,0.0514024,0.0022,NA,0.511,FALSE,FALSE,FALSE,met-a-584,4,46366067,0.0025,7066,0.38,X-12100--hydroxytryptophan* || id:met-a-584,X-12100--hydroxytryptophan*,X-12100--hydroxytryptophan* ||  || ,TRUE,igd,4,46366067,0.0112125,4.64E-06,14306,ebi-a-GCST90016956, || id:ebi-a-GCST90016956,TRUE,reported,igd,2,TRUE
rs2175069,G,A,G,A,0.0526752,0.0013,NA,0.6086,FALSE,FALSE,FALSE,met-a-584,4,23317124,0.0018,7066,0.4756,X-12100--hydroxytryptophan* || id:met-a-584,X-12100--hydroxytryptophan*,X-12100--hydroxytryptophan* ||  || ,TRUE,igd,4,23317124,0.0114886,4.64E-06,14306,ebi-a-GCST90016956, || id:ebi-a-GCST90016956,TRUE,reported,igd,2,TRUE
rs4797169,T,C,T,C,0.0587799,0.0018,NA,0.2324,FALSE,FALSE,FALSE,met-a-584,18,462180,0.0026,7066,0.4883,X-12100--hydroxytryptophan* || id:met-a-584,X-12100--hydroxytryptophan*,X-12100--hydroxytryptophan* ||  || ,TRUE,igd,18,462180,0.0128297,4.64E-06,14306,ebi-a-GCST90016956, || id:ebi-a-GCST90016956,TRUE,reported,igd,2,TRUE
rs10805326,A,G,A,G,-0.0566637,0.007,NA,0.696,FALSE,FALSE,FALSE,met-a-375,4,14324623,0.0023,7368,0.00242901,Kynurenine || id:met-a-375,Kynurenine,Kynurenine ||  || ,TRUE,igd,4,14324623,0.012276,4.03E-06,14306,ebi-a-GCST90016946, || id:ebi-a-GCST90016946,TRUE,reported,igd,2,TRUE
rs12377846,C,A,C,A,-0.252,-0.0066,NA,0.0292,FALSE,FALSE,FALSE,met-a-375,9,16786784,0.0062,7368,0.2909,Kynurenine || id:met-a-375,Kynurenine,Kynurenine ||  || ,TRUE,igd,9,16786784,0.0511627,1.45E-06,14306,ebi-a-GCST90016946, || id:ebi-a-GCST90016946,TRUE,reported,igd,2,TRUE
rs2644627,C,G,C,G,-0.0558506,-3.00E-04,NA,0.4337,FALSE,TRUE,TRUE,met-a-375,8,26726641,0.0017,7368,0.8511,Kynurenine || id:met-a-375,Kynurenine,Kynurenine ||  || ,TRUE,igd,8,26726641,0.011224,1.45E-06,14306,ebi-a-GCST90016946, || id:ebi-a-GCST90016946,TRUE,reported,igd,2,FALSE
rs9573937,A,G,A,G,-0.0693637,-0.003,NA,0.1984,FALSE,FALSE,FALSE,met-a-375,13,77351196,0.0025,7368,0.229,Kynurenine || id:met-a-375,Kynurenine,Kynurenine ||  || ,TRUE,igd,13,77351196,0.0142907,2.28E-06,14306,ebi-a-GCST90016946, || id:ebi-a-GCST90016946,TRUE,reported,igd,2,TRUE
rs10805326,A,G,A,G,-0.0566637,7.00E-04,NA,0.6954,FALSE,FALSE,FALSE,met-a-420,4,14324623,0.0034,7366,0.8444,2-hydroxybutyrate (AHB) || id:met-a-420,2-hydroxybutyrate (AHB),2-hydroxybutyrate (AHB) ||  || ,TRUE,igd,4,14324623,0.012276,4.03E-06,14306,ebi-a-GCST90016946, || id:ebi-a-GCST90016946,TRUE,reported,igd,2,TRUE
rs12377846,C,A,C,A,-0.252,-0.0109,NA,0.0281,FALSE,FALSE,FALSE,met-a-420,9,16786784,0.0098,7366,0.2641,2-hydroxybutyrate (AHB) || id:met-a-420,2-hydroxybutyrate (AHB),2-hydroxybutyrate (AHB) ||  || ,TRUE,igd,9,16786784,0.0511627,1.45E-06,14306,ebi-a-GCST90016946, || id:ebi-a-GCST90016946,TRUE,reported,igd,2,TRUE
rs2644627,C,G,C,G,-0.0558506,-0.0016,NA,0.4322,FALSE,TRUE,TRUE,met-a-420,8,26726641,0.0033,7366,0.627001,2-hydroxybutyrate (AHB) || id:met-a-420,2-hydroxybutyrate (AHB),2-hydroxybutyrate (AHB) ||  || ,TRUE,igd,8,26726641,0.011224,1.45E-06,14306,ebi-a-GCST90016946, || id:ebi-a-GCST90016946,TRUE,reported,igd,2,FALSE
rs9573937,A,G,A,G,-0.0693637,-0.0057,NA,0.1996,FALSE,FALSE,FALSE,met-a-420,13,77351196,0.0035,7366,0.1069,2-hydroxybutyrate (AHB) || id:met-a-420,2-hydroxybutyrate (AHB),2-hydroxybutyrate (AHB) ||  || ,TRUE,igd,13,77351196,0.0142907,2.28E-06,14306,ebi-a-GCST90016946, || id:ebi-a-GCST90016946,TRUE,reported,igd,2,TRUE
rs10805326,A,G,A,G,-0.0566637,-0.0021,NA,0.696,FALSE,FALSE,FALSE,met-a-427,4,14324623,0.0026,6180,0.4121,2-hydroxyisobutyrate || id:met-a-427,2-hydroxyisobutyrate,2-hydroxyisobutyrate ||  || ,TRUE,igd,4,14324623,0.012276,4.03E-06,14306,ebi-a-GCST90016946, || id:ebi-a-GCST90016946,TRUE,reported,igd,2,TRUE
rs12377846,C,A,C,A,-0.252,-0.0016,NA,0.0289,FALSE,FALSE,FALSE,met-a-427,9,16786784,0.008,6180,0.8431,2-hydroxyisobutyrate || id:met-a-427,2-hydroxyisobutyrate,2-hydroxyisobutyrate ||  || ,TRUE,igd,9,16786784,0.0511627,1.45E-06,14306,ebi-a-GCST90016946, || id:ebi-a-GCST90016946,TRUE,reported,igd,2,TRUE
rs2644627,C,G,C,G,-0.0558506,6.00E-04,NA,0.4326,FALSE,TRUE,TRUE,met-a-427,8,26726641,0.0025,6180,0.8162,2-hydroxyisobutyrate || id:met-a-427,2-hydroxyisobutyrate,2-hydroxyisobutyrate ||  || ,TRUE,igd,8,26726641,0.011224,1.45E-06,14306,ebi-a-GCST90016946, || id:ebi-a-GCST90016946,TRUE,reported,igd,2,FALSE
rs9573937,A,G,A,G,-0.0693637,-0.0023,NA,0.1985,FALSE,FALSE,FALSE,met-a-427,13,77351196,0.0033,6180,0.489199,2-hydroxyisobutyrate || id:met-a-427,2-hydroxyisobutyrate,2-hydroxyisobutyrate ||  || ,TRUE,igd,13,77351196,0.0142907,2.28E-06,14306,ebi-a-GCST90016946, || id:ebi-a-GCST90016946,TRUE,reported,igd,2,TRUE
rs10805326,A,G,A,G,-0.0566637,-0.0013,NA,0.6954,FALSE,FALSE,FALSE,met-a-451,4,14324623,0.0038,7373,0.722199,Creatine || id:met-a-451,Creatine,Creatine ||  || ,TRUE,igd,4,14324623,0.012276,4.03E-06,14306,ebi-a-GCST90016946, || id:ebi-a-GCST90016946,TRUE,reported,igd,2,TRUE
rs12377846,C,A,C,A,-0.252,0.0012,NA,0.0287,FALSE,FALSE,FALSE,met-a-451,9,16786784,0.0115,7373,0.92,Creatine || id:met-a-451,Creatine,Creatine ||  || ,TRUE,igd,9,16786784,0.0511627,1.45E-06,14306,ebi-a-GCST90016946, || id:ebi-a-GCST90016946,TRUE,reported,igd,2,TRUE
rs2644627,C,G,C,G,-0.0558506,-0.0039,NA,0.4322,FALSE,TRUE,TRUE,met-a-451,8,26726641,0.0037,7373,0.2833,Creatine || id:met-a-451,Creatine,Creatine ||  || ,TRUE,igd,8,26726641,0.011224,1.45E-06,14306,ebi-a-GCST90016946, || id:ebi-a-GCST90016946,TRUE,reported,igd,2,FALSE
rs9573937,A,G,A,G,-0.0693637,-0.0032,NA,0.1986,FALSE,FALSE,FALSE,met-a-451,13,77351196,0.0046,7373,0.4825,Creatine || id:met-a-451,Creatine,Creatine ||  || ,TRUE,igd,13,77351196,0.0142907,2.28E-06,14306,ebi-a-GCST90016946, || id:ebi-a-GCST90016946,TRUE,reported,igd,2,TRUE
rs10805326,A,G,A,G,-0.0566637,-0.0012,NA,0.6957,FALSE,FALSE,FALSE,met-a-468,4,14324623,0.0025,7356,0.6344,Glycine || id:met-a-468,Glycine,Glycine ||  || ,TRUE,igd,4,14324623,0.012276,4.03E-06,14306,ebi-a-GCST90016946, || id:ebi-a-GCST90016946,TRUE,reported,igd,2,TRUE
rs12377846,C,A,C,A,-0.252,0.0033,NA,0.0304,FALSE,FALSE,FALSE,met-a-468,9,16786784,0.0081,7356,0.6836,Glycine || id:met-a-468,Glycine,Glycine ||  || ,TRUE,igd,9,16786784,0.0511627,1.45E-06,14306,ebi-a-GCST90016946, || id:ebi-a-GCST90016946,TRUE,reported,igd,2,TRUE
rs2644627,C,G,C,G,-0.0558506,0.0047,NA,0.4313,FALSE,TRUE,TRUE,met-a-468,8,26726641,0.0024,7356,0.0502805,Glycine || id:met-a-468,Glycine,Glycine ||  || ,TRUE,igd,8,26726641,0.011224,1.45E-06,14306,ebi-a-GCST90016946, || id:ebi-a-GCST90016946,TRUE,reported,igd,2,FALSE
rs9573937,A,G,A,G,-0.0693637,7.00E-04,NA,0.1979,FALSE,FALSE,FALSE,met-a-468,13,77351196,0.0032,7356,0.8278,Glycine || id:met-a-468,Glycine,Glycine ||  || ,TRUE,igd,13,77351196,0.0142907,2.28E-06,14306,ebi-a-GCST90016946, || id:ebi-a-GCST90016946,TRUE,reported,igd,2,TRUE
rs10805326,A,G,A,G,-0.0566637,0.002,NA,0.6958,FALSE,FALSE,FALSE,met-a-584,4,14324623,0.0026,7066,0.4402,X-12100--hydroxytryptophan* || id:met-a-584,X-12100--hydroxytryptophan*,X-12100--hydroxytryptophan* ||  || ,TRUE,igd,4,14324623,0.012276,4.03E-06,14306,ebi-a-GCST90016946, || id:ebi-a-GCST90016946,TRUE,reported,igd,2,TRUE
rs12377846,C,A,C,A,-0.252,-0.0057,NA,0.0273,FALSE,FALSE,FALSE,met-a-584,9,16786784,0.0068,7066,0.4056,X-12100--hydroxytryptophan* || id:met-a-584,X-12100--hydroxytryptophan*,X-12100--hydroxytryptophan* ||  || ,TRUE,igd,9,16786784,0.0511627,1.45E-06,14306,ebi-a-GCST90016946, || id:ebi-a-GCST90016946,TRUE,reported,igd,2,TRUE
rs2644627,C,G,C,G,-0.0558506,-8.00E-04,NA,0.4361,FALSE,TRUE,TRUE,met-a-584,8,26726641,0.0018,7066,0.6599,X-12100--hydroxytryptophan* || id:met-a-584,X-12100--hydroxytryptophan*,X-12100--hydroxytryptophan* ||  || ,TRUE,igd,8,26726641,0.011224,1.45E-06,14306,ebi-a-GCST90016946, || id:ebi-a-GCST90016946,TRUE,reported,igd,2,FALSE
rs9573937,A,G,A,G,-0.0693637,6.00E-04,NA,0.1994,FALSE,FALSE,FALSE,met-a-584,13,77351196,0.0027,7066,0.8289,X-12100--hydroxytryptophan* || id:met-a-584,X-12100--hydroxytryptophan*,X-12100--hydroxytryptophan* ||  || ,TRUE,igd,13,77351196,0.0142907,2.28E-06,14306,ebi-a-GCST90016946, || id:ebi-a-GCST90016946,TRUE,reported,igd,2,TRUE
rs12748533,G,T,G,T,-0.0821108,-0.001,NA,0.2889,FALSE,FALSE,FALSE,met-a-375,1,242767252,0.0024,7368,0.6896,Kynurenine || id:met-a-375,Kynurenine,Kynurenine ||  || ,TRUE,igd,1,242767252,0.0172701,2.59E-06,14306,ebi-a-GCST90016928, || id:ebi-a-GCST90016928,TRUE,reported,igd,2,TRUE
rs17043785,T,C,T,C,-0.176187,-0.0075,NA,0.0539,FALSE,FALSE,FALSE,met-a-375,2,53139362,0.0041,7368,0.0634001,Kynurenine || id:met-a-375,Kynurenine,Kynurenine ||  || ,TRUE,igd,2,53139362,0.0347133,1.02E-06,14306,ebi-a-GCST90016928, || id:ebi-a-GCST90016928,TRUE,reported,igd,2,TRUE
rs12748533,G,T,G,T,-0.0821108,0.0061,NA,0.2876,FALSE,FALSE,FALSE,met-a-420,1,242767252,0.0035,7366,0.0755092,2-hydroxybutyrate (AHB) || id:met-a-420,2-hydroxybutyrate (AHB),2-hydroxybutyrate (AHB) ||  || ,TRUE,igd,1,242767252,0.0172701,2.59E-06,14306,ebi-a-GCST90016928, || id:ebi-a-GCST90016928,TRUE,reported,igd,2,TRUE
rs17043785,T,C,T,C,-0.176187,4.00E-04,NA,0.0533,FALSE,FALSE,FALSE,met-a-420,2,53139362,0.0066,7366,0.9464,2-hydroxybutyrate (AHB) || id:met-a-420,2-hydroxybutyrate (AHB),2-hydroxybutyrate (AHB) ||  || ,TRUE,igd,2,53139362,0.0347133,1.02E-06,14306,ebi-a-GCST90016928, || id:ebi-a-GCST90016928,TRUE,reported,igd,2,TRUE
rs12748533,G,T,G,T,-0.0821108,0.0013,NA,0.2879,FALSE,FALSE,FALSE,met-a-427,1,242767252,0.0032,6180,0.6904,2-hydroxyisobutyrate || id:met-a-427,2-hydroxyisobutyrate,2-hydroxyisobutyrate ||  || ,TRUE,igd,1,242767252,0.0172701,2.59E-06,14306,ebi-a-GCST90016928, || id:ebi-a-GCST90016928,TRUE,reported,igd,2,TRUE
rs17043785,T,C,T,C,-0.176187,-0.0053,NA,0.054,FALSE,FALSE,FALSE,met-a-427,2,53139362,0.0056,6180,0.3485,2-hydroxyisobutyrate || id:met-a-427,2-hydroxyisobutyrate,2-hydroxyisobutyrate ||  || ,TRUE,igd,2,53139362,0.0347133,1.02E-06,14306,ebi-a-GCST90016928, || id:ebi-a-GCST90016928,TRUE,reported,igd,2,TRUE
rs12748533,G,T,G,T,-0.0821108,-0.0027,NA,0.2875,FALSE,FALSE,FALSE,met-a-451,1,242767252,0.0039,7373,0.4878,Creatine || id:met-a-451,Creatine,Creatine ||  || ,TRUE,igd,1,242767252,0.0172701,2.59E-06,14306,ebi-a-GCST90016928, || id:ebi-a-GCST90016928,TRUE,reported,igd,2,TRUE
rs17043785,T,C,T,C,-0.176187,-0.0101,NA,0.0543,FALSE,FALSE,FALSE,met-a-451,2,53139362,0.008,7373,0.2072,Creatine || id:met-a-451,Creatine,Creatine ||  || ,TRUE,igd,2,53139362,0.0347133,1.02E-06,14306,ebi-a-GCST90016928, || id:ebi-a-GCST90016928,TRUE,reported,igd,2,TRUE
rs12748533,G,T,G,T,-0.0821108,0.0025,NA,0.2894,FALSE,FALSE,FALSE,met-a-468,1,242767252,0.0031,7356,0.4163,Glycine || id:met-a-468,Glycine,Glycine ||  || ,TRUE,igd,1,242767252,0.0172701,2.59E-06,14306,ebi-a-GCST90016928, || id:ebi-a-GCST90016928,TRUE,reported,igd,2,TRUE
rs17043785,T,C,T,C,-0.176187,-0.003,NA,0.0568,FALSE,FALSE,FALSE,met-a-468,2,53139362,0.0057,7356,0.6038,Glycine || id:met-a-468,Glycine,Glycine ||  || ,TRUE,igd,2,53139362,0.0347133,1.02E-06,14306,ebi-a-GCST90016928, || id:ebi-a-GCST90016928,TRUE,reported,igd,2,TRUE
rs12748533,G,T,G,T,-0.0821108,4.00E-04,NA,0.2868,FALSE,FALSE,FALSE,met-a-584,1,242767252,0.0026,7066,0.8753,X-12100--hydroxytryptophan* || id:met-a-584,X-12100--hydroxytryptophan*,X-12100--hydroxytryptophan* ||  || ,TRUE,igd,1,242767252,0.0172701,2.59E-06,14306,ebi-a-GCST90016928, || id:ebi-a-GCST90016928,TRUE,reported,igd,2,TRUE
rs17043785,T,C,T,C,-0.176187,-0.0024,NA,0.0526,FALSE,FALSE,FALSE,met-a-584,2,53139362,0.005,7066,0.6342,X-12100--hydroxytryptophan* || id:met-a-584,X-12100--hydroxytryptophan*,X-12100--hydroxytryptophan* ||  || ,TRUE,igd,2,53139362,0.0347133,1.02E-06,14306,ebi-a-GCST90016928, || id:ebi-a-GCST90016928,TRUE,reported,igd,2,TRUE
